EntryNo,Date,Place,URI,Entry
3,1907-04-07,"Boulder, Colorado","http://en.wikisource.org/wiki/Page:Field_Notes_of_Junius_Henderson,_Notebook_1.djvu/3?oldid=3614104",entry
3,1905-07-28,"Boulder, Colorado","http://en.wikisource.org/wiki/Page:Field_Notes_of_Junius_Henderson,_Notebook_1.djvu/3?oldid=3614104",entry
3,1905-07-29,"Boulder, Colorado","http://en.wikisource.org/wiki/Page:Field_Notes_of_Junius_Henderson,_Notebook_1.djvu/3?oldid=3614104",entry
3,1905-07-30,"Boulder, Colorado","http://en.wikisource.org/wiki/Page:Field_Notes_of_Junius_Henderson,_Notebook_1.djvu/3?oldid=3614104",entry
3,1905-07-31,"Boulder, Colorado","http://en.wikisource.org/wiki/Page:Field_Notes_of_Junius_Henderson,_Notebook_1.djvu/3?oldid=3614104",entry
3,1905-07-31,"Florissant, Colorado","http://en.wikisource.org/wiki/Page:Field_Notes_of_Junius_Henderson,_Notebook_1.djvu/3?oldid=3614104",entry
3,1905-07-31,"Denver, Colorado","http://en.wikisource.org/wiki/Page:Field_Notes_of_Junius_Henderson,_Notebook_1.djvu/3?oldid=3614104",entry
3,1905-07-31,"Oxford Hotel (Denver, Colorado)","http://en.wikisource.org/wiki/Page:Field_Notes_of_Junius_Henderson,_Notebook_1.djvu/3?oldid=3614104",entry
3,1905-07-31,"City Park, Denver ","http://en.wikisource.org/wiki/Page:Field_Notes_of_Junius_Henderson,_Notebook_1.djvu/3?oldid=3614104",entry
4,1905-08-01,"City Park, Denver ","http://en.wikisource.org/wiki/Page:Field_Notes_of_Junius_Henderson,_Notebook_1.djvu/4?oldid=3614103",entry
4,1905-08-01,"Castle Rock, Colorado","http://en.wikisource.org/wiki/Page:Field_Notes_of_Junius_Henderson,_Notebook_1.djvu/4?oldid=3614103",entry
4,1905-08-01,"Boulder, Colorado","http://en.wikisource.org/wiki/Page:Field_Notes_of_Junius_Henderson,_Notebook_1.djvu/5?oldid=3581173",entry
4,1905-08-01,"Palmer Lake, Colorado","http://en.wikisource.org/wiki/Page:Field_Notes_of_Junius_Henderson,_Notebook_1.djvu/5?oldid=3581173",entry
4,1905-08-01,"Colorado Springs, Colorado","http://en.wikisource.org/wiki/Page:Field_Notes_of_Junius_Henderson,_Notebook_1.djvu/5?oldid=3581173",entry
4,1905-08-01,"Colorado Springs, Colorado","http://en.wikisource.org/wiki/Page:Field_Notes_of_Junius_Henderson,_Notebook_1.djvu/6?oldid=3575072",entry
4,1905-08-01,"Manitou Springs, Colorado","http://en.wikisource.org/wiki/Page:Field_Notes_of_Junius_Henderson,_Notebook_1.djvu/6?oldid=3575072",entry
4,1905-08-01,"Cascade, Colorado","http://en.wikisource.org/wiki/Page:Field_Notes_of_Junius_Henderson,_Notebook_1.djvu/6?oldid=3575072",entry
4,1905-08-01,"Green Mountain Falls, Colorado","http://en.wikisource.org/wiki/Page:Field_Notes_of_Junius_Henderson,_Notebook_1.djvu/6?oldid=3575072",entry
4,1905-08-01,"Estes Park, Colorado","http://en.wikisource.org/wiki/Page:Field_Notes_of_Junius_Henderson,_Notebook_1.djvu/6?oldid=3575072",entry
4,1905-08-01,"Green Mountain Falls, Colorado","http://en.wikisource.org/wiki/Page:Field_Notes_of_Junius_Henderson,_Notebook_1.djvu/6?oldid=3575072",entry
4,1905-08-01,"Woodland Park, Colorado","http://en.wikisource.org/wiki/Page:Field_Notes_of_Junius_Henderson,_Notebook_1.djvu/6?oldid=3575072",entry
4,1905-08-01,"Boulder, Colorado","http://en.wikisource.org/wiki/Page:Field_Notes_of_Junius_Henderson,_Notebook_1.djvu/6?oldid=3575072",entry
4,1905-08-01,"Florissant, Colorado","http://en.wikisource.org/wiki/Page:Field_Notes_of_Junius_Henderson,_Notebook_1.djvu/7?oldid=3616326",entry
4,1905-08-01,"Florissant, Colorado","http://en.wikisource.org/wiki/Page:Field_Notes_of_Junius_Henderson,_Notebook_1.djvu/7?oldid=3616326",entry
4,1905-08-01,"Florissant Lake","http://en.wikisource.org/wiki/Page:Field_Notes_of_Junius_Henderson,_Notebook_1.djvu/8?oldid=3614088",entry
5,1905-08-02,"Florissant Lake","http://en.wikisource.org/wiki/Page:Field_Notes_of_Junius_Henderson,_Notebook_1.djvu/9?oldid=3614101",entry
6,1905-08-03,"Florissant Lake","http://en.wikisource.org/wiki/Page:Field_Notes_of_Junius_Henderson,_Notebook_1.djvu/10?oldid=3614105",entry
6,1905-08-03,"Lake George, Colorado","http://en.wikisource.org/wiki/Page:Field_Notes_of_Junius_Henderson,_Notebook_1.djvu/11?oldid=3575106",entry
6,1905-08-03,"Twin Creek, Colorado","http://en.wikisource.org/wiki/Page:Field_Notes_of_Junius_Henderson,_Notebook_1.djvu/11?oldid=3575106",entry
7,1905-08-04,"Twin Creek, Colorado","http://en.wikisource.org/wiki/Page:Field_Notes_of_Junius_Henderson,_Notebook_1.djvu/14?oldid=3614106",entry
8,1905-08-05,"Twin Creek, Colorado","http://en.wikisource.org/wiki/Page:Field_Notes_of_Junius_Henderson,_Notebook_1.djvu/17?oldid=3614107",entry
9,1905-08-06,"Twin Creek, Colorado","http://en.wikisource.org/wiki/Page:Field_Notes_of_Junius_Henderson,_Notebook_1.djvu/19?oldid=3614108",entry
9,1905-08-06,"Crystal Peak, Teller, CO","http://en.wikisource.org/wiki/Page:Field_Notes_of_Junius_Henderson,_Notebook_1.djvu/20?oldid=3614109",entry
10,1905-08-07,"Crystal Peak, Teller, CO","http://en.wikisource.org/wiki/Page:Field_Notes_of_Junius_Henderson,_Notebook_1.djvu/20?oldid=3614109",entry
11,1905-08-08,"Crystal Peak, Teller, CO","http://en.wikisource.org/wiki/Page:Field_Notes_of_Junius_Henderson,_Notebook_1.djvu/21?oldid=3614110",entry
11,1905-08-08,"Colorado Springs, Colorado","http://en.wikisource.org/wiki/Page:Field_Notes_of_Junius_Henderson,_Notebook_1.djvu/22?oldid=3604840",entry
11,1905-08-08,"Alamo Hotel, Colorado Springs","http://en.wikisource.org/wiki/Page:Field_Notes_of_Junius_Henderson,_Notebook_1.djvu/22?oldid=3604840",entry
11,1905-08-08,"Stratton Park, Colorado Springs","http://en.wikisource.org/wiki/Page:Field_Notes_of_Junius_Henderson,_Notebook_1.djvu/22?oldid=3604840",entry
11,1905-08-08,"Depot Restaurant, Colorado Springs","http://en.wikisource.org/wiki/Page:Field_Notes_of_Junius_Henderson,_Notebook_1.djvu/22?oldid=3604840",entry
12,1905-08-09,"Depot Restaurant, Colorado Springs","http://en.wikisource.org/wiki/Page:Field_Notes_of_Junius_Henderson,_Notebook_1.djvu/23?oldid=3614535",entry
12,1905-08-09,"Denver, Colorado","http://en.wikisource.org/wiki/Page:Field_Notes_of_Junius_Henderson,_Notebook_1.djvu/23?oldid=3614535",entry
12,1905-08-09,"Oxford, Colorado","http://en.wikisource.org/wiki/Page:Field_Notes_of_Junius_Henderson,_Notebook_1.djvu/23?oldid=3614535",entry
12,1905-08-09,"Boulder, Colorado","http://en.wikisource.org/wiki/Page:Field_Notes_of_Junius_Henderson,_Notebook_1.djvu/23?oldid=3614535",entry
12,1905-08-29,"Boulder, Colorado","http://en.wikisource.org/wiki/Page:Field_Notes_of_Junius_Henderson,_Notebook_1.djvu/24?oldid=3581811",entry
13,1905-08-29,"Boulder, Colorado","http://en.wikisource.org/wiki/Page:Field_Notes_of_Junius_Henderson,_Notebook_1.djvu/27?oldid=3614536",entry
13,1905-08-29,"Silver Lake, Colorado","http://en.wikisource.org/wiki/Page:Field_Notes_of_Junius_Henderson,_Notebook_1.djvu/28?oldid=3581936",entry
13,1905-08-29,"Camp Albion Road, Colorado","http://en.wikisource.org/wiki/Page:Field_Notes_of_Junius_Henderson,_Notebook_1.djvu/28?oldid=3581936",entry
13,1905-08-29,"Silver Lake, Colorado","http://en.wikisource.org/wiki/Page:Field_Notes_of_Junius_Henderson,_Notebook_1.djvu/28?oldid=3581936",entry
13,1905-08-29,"Goose Lake, Colorado","http://en.wikisource.org/wiki/Page:Field_Notes_of_Junius_Henderson,_Notebook_1.djvu/28?oldid=3581936",entry
13,1905-08-29,"Island Lake, Colorado","http://en.wikisource.org/wiki/Page:Field_Notes_of_Junius_Henderson,_Notebook_1.djvu/28?oldid=3581936",entry
14,1905-08-30,"Island Lake, Colorado","http://en.wikisource.org/wiki/Page:Field_Notes_of_Junius_Henderson,_Notebook_1.djvu/29?oldid=3614537",entry
14,1905-08-30,"North Lake, Colorado","http://en.wikisource.org/wiki/Page:Field_Notes_of_Junius_Henderson,_Notebook_1.djvu/30?oldid=3581949",entry
14,1905-08-30,"High Fall, Colorado","http://en.wikisource.org/wiki/Page:Field_Notes_of_Junius_Henderson,_Notebook_1.djvu/30?oldid=3581949",entry
14,1905-08-30,"High Fall, Colorado","http://en.wikisource.org/wiki/Page:Field_Notes_of_Junius_Henderson,_Notebook_1.djvu/30?oldid=3581949",entry
14,1905-08-30,"he Saddle, Colorado","http://en.wikisource.org/wiki/Page:Field_Notes_of_Junius_Henderson,_Notebook_1.djvu/30?oldid=3581949",entry
14,1905-08-30,"Arapaho Glacier","http://en.wikisource.org/wiki/Page:Field_Notes_of_Junius_Henderson,_Notebook_1.djvu/30?oldid=3581949",entry
14,1905-08-30,"Arapaho Glacier","http://en.wikisource.org/wiki/Page:Field_Notes_of_Junius_Henderson,_Notebook_1.djvu/31?oldid=3581952",entry
14,1905-08-30,"The Saddle, Colorado","http://en.wikisource.org/wiki/Page:Field_Notes_of_Junius_Henderson,_Notebook_1.djvu/32?oldid=3581958",entry
14,1905-08-30,"High Fall, Colorado","http://en.wikisource.org/wiki/Page:Field_Notes_of_Junius_Henderson,_Notebook_1.djvu/33?oldid=3614539",entry
14,1905-08-30,"The Saddle, Colorado","http://en.wikisource.org/wiki/Page:Field_Notes_of_Junius_Henderson,_Notebook_1.djvu/33?oldid=3614539",entry
14,1905-08-30,"Goose Lake, Colorado","http://en.wikisource.org/wiki/Page:Field_Notes_of_Junius_Henderson,_Notebook_1.djvu/33?oldid=3614539",entry
14,1905-08-30,"Arapaho Glacier","http://en.wikisource.org/wiki/Page:Field_Notes_of_Junius_Henderson,_Notebook_1.djvu/33?oldid=3614539",entry
15,1905-08-31,"Arapaho Glacier","http://en.wikisource.org/wiki/Page:Field_Notes_of_Junius_Henderson,_Notebook_1.djvu/33?oldid=3614539",entry
16,1905-09-01,"Arapaho Glacier","http://en.wikisource.org/wiki/Page:Field_Notes_of_Junius_Henderson,_Notebook_1.djvu/35?oldid=3614541",entry
17,1905-09-02,"Arapaho Glacier","http://en.wikisource.org/wiki/Page:Field_Notes_of_Junius_Henderson,_Notebook_1.djvu/37?oldid=3614543",entry
17,1905-09-02,"Silver Lake","http://en.wikisource.org/wiki/Page:Field_Notes_of_Junius_Henderson,_Notebook_1.djvu/37?oldid=3614543",entry
17,1905-09-02,"North Boulder, Colorado","http://en.wikisource.org/wiki/Page:Field_Notes_of_Junius_Henderson,_Notebook_1.djvu/38?oldid=3581808",entry
17,1905-09-02,"Silver Lake, Colorado","http://en.wikisource.org/wiki/Page:Field_Notes_of_Junius_Henderson,_Notebook_1.djvu/38?oldid=3581808",entry
17,1905-09-02,"Island Lake Dam, Colorado","http://en.wikisource.org/wiki/Page:Field_Notes_of_Junius_Henderson,_Notebook_1.djvu/38?oldid=3581808",entry
17,1905-09-02,"Island Lake, Colorado","http://en.wikisource.org/wiki/Page:Field_Notes_of_Junius_Henderson,_Notebook_1.djvu/38?oldid=3581808",entry
18,1905-09-03,"Island Lake, Colorado","http://en.wikisource.org/wiki/Page:Field_Notes_of_Junius_Henderson,_Notebook_1.djvu/39?oldid=3614544",entry
18,1905-09-03,"Denver, Colorado","http://en.wikisource.org/wiki/Page:Field_Notes_of_Junius_Henderson,_Notebook_1.djvu/39?oldid=3614544",entry
18,1905-09-03,"Goose Lake Dam","http://en.wikisource.org/wiki/Page:Field_Notes_of_Junius_Henderson,_Notebook_1.djvu/39?oldid=3614544",entry
18,1905-09-03,"Goose Lake, Colorado","http://en.wikisource.org/wiki/Page:Field_Notes_of_Junius_Henderson,_Notebook_1.djvu/40?oldid=3614545",entry
18,1905-09-03,"Island Lake, Colorado","http://en.wikisource.org/wiki/Page:Field_Notes_of_Junius_Henderson,_Notebook_1.djvu/40?oldid=3614545",entry
19,1905-09-04,"Island Lake, Colorado","http://en.wikisource.org/wiki/Page:Field_Notes_of_Junius_Henderson,_Notebook_1.djvu/40?oldid=3614545",entry
20,1905-09-05,"Island Lake, Colorado","http://en.wikisource.org/wiki/Page:Field_Notes_of_Junius_Henderson,_Notebook_1.djvu/41?oldid=3614546",entry
21,1905-09-06,"Island Lake, Colorado","http://en.wikisource.org/wiki/Page:Field_Notes_of_Junius_Henderson,_Notebook_1.djvu/43?oldid=3614547",entry
21,1905-09-06,"Bluebird Road","http://en.wikisource.org/wiki/Page:Field_Notes_of_Junius_Henderson,_Notebook_1.djvu/43?oldid=3614547",entry
21,1905-09-06,"North Boulder Falls, Colorado","http://en.wikisource.org/wiki/Page:Field_Notes_of_Junius_Henderson,_Notebook_1.djvu/43?oldid=3614547",entry
21,1905-09-06,"Silver Lake, Colorado","http://en.wikisource.org/wiki/Page:Field_Notes_of_Junius_Henderson,_Notebook_1.djvu/43?oldid=3614547",entry
21,1905-09-06,"Boulder, Colorado","http://en.wikisource.org/wiki/Page:Field_Notes_of_Junius_Henderson,_Notebook_1.djvu/43?oldid=3614547",entry
21,1906-06-02,"Boulder, Colorado","http://en.wikisource.org/wiki/Page:Field_Notes_of_Junius_Henderson,_Notebook_1.djvu/44?oldid=3581817",entry
22,1906-06-06,"Boulder, Colorado","http://en.wikisource.org/wiki/Page:Field_Notes_of_Junius_Henderson,_Notebook_1.djvu/47?oldid=3614549",entry
22,1906-06-06,"Boulder, Colorado","http://en.wikisource.org/wiki/Page:Field_Notes_of_Junius_Henderson,_Notebook_1.djvu/47?oldid=3614549",entry
23,1906-06-07,"Boulder, Colorado","http://en.wikisource.org/wiki/Page:Field_Notes_of_Junius_Henderson,_Notebook_1.djvu/47?oldid=3614549",entry
23,1906-06-07,"Boulder, Colorado","http://en.wikisource.org/wiki/Page:Field_Notes_of_Junius_Henderson,_Notebook_1.djvu/47?oldid=3614549",entry
23,1906-06-07,"St. Vrain Creek","http://en.wikisource.org/wiki/Page:Field_Notes_of_Junius_Henderson,_Notebook_1.djvu/48?oldid=3614550",entry
23,1906-06-07,"St. Vrain Creek","http://en.wikisource.org/wiki/Page:Field_Notes_of_Junius_Henderson,_Notebook_1.djvu/48?oldid=3614550",entry
24,1906-06-08,"St. Vrain Creek","http://en.wikisource.org/wiki/Page:Field_Notes_of_Junius_Henderson,_Notebook_1.djvu/48?oldid=3614550",entry
24,1906-06-08,"St. Vrain Creek","http://en.wikisource.org/wiki/Page:Field_Notes_of_Junius_Henderson,_Notebook_1.djvu/49?oldid=3581336",entry
24,1906-06-08,"Lyons, Colorado","http://en.wikisource.org/wiki/Page:Field_Notes_of_Junius_Henderson,_Notebook_1.djvu/49?oldid=3581336",entry
24,1906-06-08,"Hygeine, Colorado","http://en.wikisource.org/wiki/Page:Field_Notes_of_Junius_Henderson,_Notebook_1.djvu/49?oldid=3581336",entry
24,1906-06-08,"Boulder, Colorado","http://en.wikisource.org/wiki/Page:Field_Notes_of_Junius_Henderson,_Notebook_1.djvu/49?oldid=3581336",entry
24,1906-06-08,"Hygeine. Colorado","http://en.wikisource.org/wiki/Page:Field_Notes_of_Junius_Henderson,_Notebook_1.djvu/50?oldid=3581338",entry
24,1906-06-08,"Hygeine, Colorado","http://en.wikisource.org/wiki/Page:Field_Notes_of_Junius_Henderson,_Notebook_1.djvu/50?oldid=3581338",entry
25,1906-06-09,"Hygeine, Colorado","http://en.wikisource.org/wiki/Page:Field_Notes_of_Junius_Henderson,_Notebook_1.djvu/51?oldid=3614553",entry
25,1906-06-09," Little Thompson Creek, Colorado","http://en.wikisource.org/wiki/Page:Field_Notes_of_Junius_Henderson,_Notebook_1.djvu/53?oldid=3581841",entry
25,1906-06-09,"Big Thompson Creek , Colorado","http://en.wikisource.org/wiki/Page:Field_Notes_of_Junius_Henderson,_Notebook_1.djvu/53?oldid=3581841",entry
25,1906-06-09,"Boulder Creek","http://en.wikisource.org/wiki/Page:Field_Notes_of_Junius_Henderson,_Notebook_1.djvu/54?oldid=3581341",entry
25,1906-06-09,"Left Hand Creek","http://en.wikisource.org/wiki/Page:Field_Notes_of_Junius_Henderson,_Notebook_1.djvu/54?oldid=3581341",entry
25,1906-06-09,"Big Thompson Creek, Colorado","http://en.wikisource.org/wiki/Page:Field_Notes_of_Junius_Henderson,_Notebook_1.djvu/55?oldid=3614554",entry
26,1906-06-09,"Big Thompson Creek, Colorado","http://en.wikisource.org/wiki/Page:Field_Notes_of_Junius_Henderson,_Notebook_1.djvu/55?oldid=3614554",entry
26,1906-06-09,"Loveland, Colorado","http://en.wikisource.org/wiki/Page:Field_Notes_of_Junius_Henderson,_Notebook_1.djvu/55?oldid=3614554",entry
26,1906-06-10,"Loveland, Colorado","http://en.wikisource.org/wiki/Page:Field_Notes_of_Junius_Henderson,_Notebook_1.djvu/55?oldid=3614554",entry
27,1906-06-10,"Big Thompson Creek, Colorado","http://en.wikisource.org/wiki/Page:Field_Notes_of_Junius_Henderson,_Notebook_1.djvu/57?oldid=3614555",entry
27,1906-06-10,"Loveland, Colorado","http://en.wikisource.org/wiki/Page:Field_Notes_of_Junius_Henderson,_Notebook_1.djvu/57?oldid=3614555",entry
27,1906-06-11,"Loveland, Colorado","http://en.wikisource.org/wiki/Page:Field_Notes_of_Junius_Henderson,_Notebook_1.djvu/57?oldid=3614555",entry
27,1906-06-11,"Big Thompson Creek, Colorado","http://en.wikisource.org/wiki/Page:Field_Notes_of_Junius_Henderson,_Notebook_1.djvu/58?oldid=3581848",entry
27,1906-06-11,"Loveland, Colorad","http://en.wikisource.org/wiki/Page:Field_Notes_of_Junius_Henderson,_Notebook_1.djvu/58?oldid=3581848",entry
27,1906-06-11,"Trilby Schoolhouse","http://en.wikisource.org/wiki/Page:Field_Notes_of_Junius_Henderson,_Notebook_1.djvu/59?oldid=3614557",entry
28,1906-06-12,"Trilby Schoolhouse","http://en.wikisource.org/wiki/Page:Field_Notes_of_Junius_Henderson,_Notebook_1.djvu/59?oldid=3614557",entry
29,1906-06-13,"Trilby Schoolhouse","http://en.wikisource.org/wiki/Page:Field_Notes_of_Junius_Henderson,_Notebook_1.djvu/61?oldid=3614558",entry
30,1906-06-14,"Trilby Schoolhouse","http://en.wikisource.org/wiki/Page:Field_Notes_of_Junius_Henderson,_Notebook_1.djvu/62?oldid=3614559",entry
30,1906-06-14,"Left Hand Creek, Colorado","http://en.wikisource.org/wiki/Page:Field_Notes_of_Junius_Henderson,_Notebook_1.djvu/62?oldid=3614559",entry
30,1906-06-14,"Little Thompson Creek, Colorado","http://en.wikisource.org/wiki/Page:Field_Notes_of_Junius_Henderson,_Notebook_1.djvu/63?oldid=3614562",entry
31,1906-06-15,"Little Thompson Creek, Colorado","http://en.wikisource.org/wiki/Page:Field_Notes_of_Junius_Henderson,_Notebook_1.djvu/63?oldid=3614562",entry
31,1906-06-15,"Ft. Collins, Colorado","http://en.wikisource.org/wiki/Page:Field_Notes_of_Junius_Henderson,_Notebook_1.djvu/63?oldid=3614562",entry
32,1906-06-16,"Ft. Collins, Colorado","http://en.wikisource.org/wiki/Page:Field_Notes_of_Junius_Henderson,_Notebook_1.djvu/63?oldid=3614562",entry
32,1906-06-16,Trilby,"http://en.wikisource.org/wiki/Page:Field_Notes_of_Junius_Henderson,_Notebook_1.djvu/63?oldid=3614562",entry
32,1906-06-16,"Little Thompson Creek","http://en.wikisource.org/wiki/Page:Field_Notes_of_Junius_Henderson,_Notebook_1.djvu/64?oldid=3581362",entry
32,1906-06-16,"Greeley, Colorado","http://en.wikisource.org/wiki/Page:Field_Notes_of_Junius_Henderson,_Notebook_1.djvu/64?oldid=3581362",entry
32,1906-06-16,"Ft. Collins, Colorado","http://en.wikisource.org/wiki/Page:Field_Notes_of_Junius_Henderson,_Notebook_1.djvu/65?oldid=3581863",entry
32,1906-06-16,"Windsor, Colorado","http://en.wikisource.org/wiki/Page:Field_Notes_of_Junius_Henderson,_Notebook_1.djvu/65?oldid=3581863",entry
32,1906-06-16,"Windsor, Colorado","http://en.wikisource.org/wiki/Page:Field_Notes_of_Junius_Henderson,_Notebook_1.djvu/65?oldid=3581863",entry
32,1906-06-16,"Windsor, Colorado","http://en.wikisource.org/wiki/Page:Field_Notes_of_Junius_Henderson,_Notebook_1.djvu/66?oldid=3614563",entry
33,1906-06-16,"Windsor, Colorado","http://en.wikisource.org/wiki/Page:Field_Notes_of_Junius_Henderson,_Notebook_1.djvu/66?oldid=3614563",entry
33,1906-06-17,"Windsor, Colorado","http://en.wikisource.org/wiki/Page:Field_Notes_of_Junius_Henderson,_Notebook_1.djvu/66?oldid=3614563",entry
33,1906-06-17,"Ft. Collins, Colorado","http://en.wikisource.org/wiki/Page:Field_Notes_of_Junius_Henderson,_Notebook_1.djvu/66?oldid=3614563",entry
34,1906-06-18,"Ft. Collins, Colorado","http://en.wikisource.org/wiki/Page:Field_Notes_of_Junius_Henderson,_Notebook_1.djvu/68?oldid=3614564",entry
34,1906-06-18,"Greeley, Colorado","http://en.wikisource.org/wiki/Page:Field_Notes_of_Junius_Henderson,_Notebook_1.djvu/68?oldid=3614564",entry
35,1906-06-19,"Greeley, Colorado","http://en.wikisource.org/wiki/Page:Field_Notes_of_Junius_Henderson,_Notebook_1.djvu/69?oldid=3614566",entry
35,1906-06-19,"Greeley, Colorado","http://en.wikisource.org/wiki/Page:Field_Notes_of_Junius_Henderson,_Notebook_1.djvu/70?oldid=3614568",entry
35,1906-06-19,"Eaton, Colorado","http://en.wikisource.org/wiki/Page:Field_Notes_of_Junius_Henderson,_Notebook_1.djvu/70?oldid=3614568",entry
35,1906-06-19,"Ault, Colorado","http://en.wikisource.org/wiki/Page:Field_Notes_of_Junius_Henderson,_Notebook_1.djvu/70?oldid=3614568",entry
36,1906-06-20,"Ault, Colorado","http://en.wikisource.org/wiki/Page:Field_Notes_of_Junius_Henderson,_Notebook_1.djvu/70?oldid=3614568",entry
36,1906-06-20,"Ault, Colorado","http://en.wikisource.org/wiki/Page:Field_Notes_of_Junius_Henderson,_Notebook_1.djvu/70?oldid=3614568",entry
36,1906-06-20,"Boulder, Colorado","http://en.wikisource.org/wiki/Page:Field_Notes_of_Junius_Henderson,_Notebook_1.djvu/71?oldid=3581866",entry
36,1906-06-20,"Greeley, Colorado","http://en.wikisource.org/wiki/Page:Field_Notes_of_Junius_Henderson,_Notebook_1.djvu/71?oldid=3581866",entry
36,1906-06-20,"Boulder, Colorado","http://en.wikisource.org/wiki/Page:Field_Notes_of_Junius_Henderson,_Notebook_1.djvu/71?oldid=3581866",entry
36,1906-06-20,"Eastman's Reservoir, Colorado","http://en.wikisource.org/wiki/Page:Field_Notes_of_Junius_Henderson,_Notebook_1.djvu/71?oldid=3581866",entry
36,1906-06-20,"Owl Creek, Colorado","http://en.wikisource.org/wiki/Page:Field_Notes_of_Junius_Henderson,_Notebook_1.djvu/71?oldid=3581866",entry
36,1906-06-20,"Slayton's Ranch, Colorado","http://en.wikisource.org/wiki/Page:Field_Notes_of_Junius_Henderson,_Notebook_1.djvu/71?oldid=3581866",entry
36,1906-06-20,"Eastman Creek, Colorado","http://en.wikisource.org/wiki/Page:Field_Notes_of_Junius_Henderson,_Notebook_1.djvu/71?oldid=3581866",entry
36,1906-06-20,"Slayton's Ranch, Colorado","http://en.wikisource.org/wiki/Page:Field_Notes_of_Junius_Henderson,_Notebook_1.djvu/71?oldid=3581866",entry
37,1906-06-21,"Slayton's Ranch, Colorado","http://en.wikisource.org/wiki/Page:Field_Notes_of_Junius_Henderson,_Notebook_1.djvu/72?oldid=3614569",entry
37,1906-06-21,"Eastman's Reservoir, Colorado","http://en.wikisource.org/wiki/Page:Field_Notes_of_Junius_Henderson,_Notebook_1.djvu/72?oldid=3614569",entry
37,1906-06-21,"Chalk Bluffs, Colorado","http://en.wikisource.org/wiki/Page:Field_Notes_of_Junius_Henderson,_Notebook_1.djvu/72?oldid=3614569",entry
38,1906-06-22,"Chalk Bluffs, Colorado","http://en.wikisource.org/wiki/Page:Field_Notes_of_Junius_Henderson,_Notebook_1.djvu/75?oldid=3614570",entry
38,1906-06-22,"Gault, Colorado","http://en.wikisource.org/wiki/Page:Field_Notes_of_Junius_Henderson,_Notebook_1.djvu/78?oldid=3614571",entry
38,1906-06-22,"Gault, Colorado","http://en.wikisource.org/wiki/Page:Field_Notes_of_Junius_Henderson,_Notebook_1.djvu/78?oldid=3614571",entry
39,1906-06-23,"Gault, Colorado","http://en.wikisource.org/wiki/Page:Field_Notes_of_Junius_Henderson,_Notebook_1.djvu/78?oldid=3614571",entry
39,1906-06-23,"Grover, Colorado","http://en.wikisource.org/wiki/Page:Field_Notes_of_Junius_Henderson,_Notebook_1.djvu/79?oldid=3614572",entry
39,1906-06-23,"Grover, Colorado","http://en.wikisource.org/wiki/Page:Field_Notes_of_Junius_Henderson,_Notebook_1.djvu/79?oldid=3614572",entry
40,1906-06-24,"Grover, Colorado","http://en.wikisource.org/wiki/Page:Field_Notes_of_Junius_Henderson,_Notebook_1.djvu/79?oldid=3614572",entry
40,1906-06-24,"Grover, Colorado","http://en.wikisource.org/wiki/Page:Field_Notes_of_Junius_Henderson,_Notebook_1.djvu/80?oldid=3581381",entry
40,1906-06-24,"Grover, Colorado","http://en.wikisource.org/wiki/Page:Field_Notes_of_Junius_Henderson,_Notebook_1.djvu/80?oldid=3581381",entry
40,1906-06-24,"Chalk Bluffs, Colorado","http://en.wikisource.org/wiki/Page:Field_Notes_of_Junius_Henderson,_Notebook_1.djvu/80?oldid=3581381",entry
40,1906-06-24,"Chalk Bluffs, Colorado","http://en.wikisource.org/wiki/Page:Field_Notes_of_Junius_Henderson,_Notebook_1.djvu/80?oldid=3581381",entry
41,1906-06-25,"Chalk Bluffs, Colorado","http://en.wikisource.org/wiki/Page:Field_Notes_of_Junius_Henderson,_Notebook_1.djvu/81?oldid=3614573",entry
41,1906-06-25,"Chalf Bluffs, Colorado","http://en.wikisource.org/wiki/Page:Field_Notes_of_Junius_Henderson,_Notebook_1.djvu/81?oldid=3614573",entry
42,1906-06-26,"Chalf Bluffs, Colorado","http://en.wikisource.org/wiki/Page:Field_Notes_of_Junius_Henderson,_Notebook_1.djvu/82?oldid=3614574",entry
43,1906-06-27,"Chalf Bluffs, Colorado","http://en.wikisource.org/wiki/Page:Field_Notes_of_Junius_Henderson,_Notebook_1.djvu/84?oldid=3614575",entry
44,1906-06-28,"Chalf Bluffs, Colorado","http://en.wikisource.org/wiki/Page:Field_Notes_of_Junius_Henderson,_Notebook_1.djvu/85?oldid=3614576",entry
44,1906-06-28,"Grover, Colorado","http://en.wikisource.org/wiki/Page:Field_Notes_of_Junius_Henderson,_Notebook_1.djvu/85?oldid=3614576",entry
45,1906-06-29,"Grover, Colorado","http://en.wikisource.org/wiki/Page:Field_Notes_of_Junius_Henderson,_Notebook_1.djvu/87?oldid=3614577",entry
45,1906-06-29,"Grover, Colorado","http://en.wikisource.org/wiki/Page:Field_Notes_of_Junius_Henderson,_Notebook_1.djvu/87?oldid=3614577",entry
46,1906-06-30,"Grover, Colorado","http://en.wikisource.org/wiki/Page:Field_Notes_of_Junius_Henderson,_Notebook_1.djvu/88?oldid=3614578",entry
46,1906-06-30,"Pawnee Buttes, Colorado","http://en.wikisource.org/wiki/Page:Field_Notes_of_Junius_Henderson,_Notebook_1.djvu/88?oldid=3614578",entry
46,1906-06-30,"West Butte, Colorado","http://en.wikisource.org/wiki/Page:Field_Notes_of_Junius_Henderson,_Notebook_1.djvu/88?oldid=3614578",entry
46,1906-06-30,"Davis Ranch, Colorado","http://en.wikisource.org/wiki/Page:Field_Notes_of_Junius_Henderson,_Notebook_1.djvu/88?oldid=3614578",entry
46,1906-06-30,"Fitche's Ranch, Colorado","http://en.wikisource.org/wiki/Page:Field_Notes_of_Junius_Henderson,_Notebook_1.djvu/88?oldid=3614578",entry
46,1906-06-30,"Fitche's Ranch, Colorado","http://en.wikisource.org/wiki/Page:Field_Notes_of_Junius_Henderson,_Notebook_1.djvu/89?oldid=3614579",entry
47,1906-07-01,"Fitche's Ranch, Colorado","http://en.wikisource.org/wiki/Page:Field_Notes_of_Junius_Henderson,_Notebook_1.djvu/89?oldid=3614579",entry
47,1906-07-01,"Davis Ranch, Colorado","http://en.wikisource.org/wiki/Page:Field_Notes_of_Junius_Henderson,_Notebook_1.djvu/89?oldid=3614579",entry
47,1906-07-01,"Jackson Ranch, Colorado","http://en.wikisource.org/wiki/Page:Field_Notes_of_Junius_Henderson,_Notebook_1.djvu/89?oldid=3614579",entry
47,1906-07-01,"Crow Creek, Colorado","http://en.wikisource.org/wiki/Page:Field_Notes_of_Junius_Henderson,_Notebook_1.djvu/89?oldid=3614579",entry
47,1906-07-01,"Sligo, Colorado","http://en.wikisource.org/wiki/Page:Field_Notes_of_Junius_Henderson,_Notebook_1.djvu/89?oldid=3614579",entry
47,1906-07-01,"Grover, Colorado","http://en.wikisource.org/wiki/Page:Field_Notes_of_Junius_Henderson,_Notebook_1.djvu/89?oldid=3614579",entry
47,1906-07-01,"Slayton's Ranch, Colorado","http://en.wikisource.org/wiki/Page:Field_Notes_of_Junius_Henderson,_Notebook_1.djvu/90?oldid=3581877",entry
47,1906-07-01,"Grover, Colorado","http://en.wikisource.org/wiki/Page:Field_Notes_of_Junius_Henderson,_Notebook_1.djvu/90?oldid=3581877",entry
47,1906-07-01,"Crow Creek, Colorado","http://en.wikisource.org/wiki/Page:Field_Notes_of_Junius_Henderson,_Notebook_1.djvu/90?oldid=3581877",entry
47,1906-07-01,"Jackson's Ranch, Colorado","http://en.wikisource.org/wiki/Page:Field_Notes_of_Junius_Henderson,_Notebook_1.djvu/90?oldid=3581877",entry
47,1906-07-01,"Crow Creek, Colorado","http://en.wikisource.org/wiki/Page:Field_Notes_of_Junius_Henderson,_Notebook_1.djvu/90?oldid=3581877",entry
48,1906-07-02,"Crow Creek, Colorado","http://en.wikisource.org/wiki/Page:Field_Notes_of_Junius_Henderson,_Notebook_1.djvu/91?oldid=3614580",entry
49,1906-07-03,"Crow Creek, Colorado","http://en.wikisource.org/wiki/Page:Field_Notes_of_Junius_Henderson,_Notebook_1.djvu/93?oldid=3614581",entry
49,1906-07-03,"Crow Creek, Colorado","http://en.wikisource.org/wiki/Page:Field_Notes_of_Junius_Henderson,_Notebook_1.djvu/93?oldid=3614581",entry
49,1906-07-03,"Greeley, Colorado","http://en.wikisource.org/wiki/Page:Field_Notes_of_Junius_Henderson,_Notebook_1.djvu/93?oldid=3614581",entry
49,1906-07-03,"Cache La Poudre","http://en.wikisource.org/wiki/Page:Field_Notes_of_Junius_Henderson,_Notebook_1.djvu/93?oldid=3614581",entry
49,1906-07-03,"Greeley, Colorado","http://en.wikisource.org/wiki/Page:Field_Notes_of_Junius_Henderson,_Notebook_1.djvu/94?oldid=3614582",entry
49,1906-07-03,"Greeley, Colorado","http://en.wikisource.org/wiki/Page:Field_Notes_of_Junius_Henderson,_Notebook_1.djvu/94?oldid=3614582",entry
50,1906-07-04,"Greeley, Colorado","http://en.wikisource.org/wiki/Page:Field_Notes_of_Junius_Henderson,_Notebook_1.djvu/94?oldid=3614582",entry
50,1906-07-04,"Greeley, Colorado","http://en.wikisource.org/wiki/Page:Field_Notes_of_Junius_Henderson,_Notebook_1.djvu/94?oldid=3614582",entry
50,1906-07-04,"Boulder, Colorado","http://en.wikisource.org/wiki/Page:Field_Notes_of_Junius_Henderson,_Notebook_1.djvu/95?oldid=3581254",entry
50,1906-07-04,"Eaton, Colorado","http://en.wikisource.org/wiki/Page:Field_Notes_of_Junius_Henderson,_Notebook_1.djvu/95?oldid=3581254",entry
50,1906-07-04,"Greeley, Colorado","http://en.wikisource.org/wiki/Page:Field_Notes_of_Junius_Henderson,_Notebook_1.djvu/95?oldid=3581254",entry
50,1906-07-04,"Greeley, Colorado","http://en.wikisource.org/wiki/Page:Field_Notes_of_Junius_Henderson,_Notebook_1.djvu/95?oldid=3581254",entry
50,1906-07-04,"Evans, Colorado","http://en.wikisource.org/wiki/Page:Field_Notes_of_Junius_Henderson,_Notebook_1.djvu/95?oldid=3581254",entry
50,1906-07-04,"Platte, Colorado","http://en.wikisource.org/wiki/Page:Field_Notes_of_Junius_Henderson,_Notebook_1.djvu/95?oldid=3581254",entry
50,1906-07-04,"Evans, Colorado","http://en.wikisource.org/wiki/Page:Field_Notes_of_Junius_Henderson,_Notebook_1.djvu/95?oldid=3581254",entry
50,1906-07-04,"Big Thompson Creek","http://en.wikisource.org/wiki/Page:Field_Notes_of_Junius_Henderson,_Notebook_1.djvu/95?oldid=3581254",entry
50,1906-07-04,"Little Thompson Creek","http://en.wikisource.org/wiki/Page:Field_Notes_of_Junius_Henderson,_Notebook_1.djvu/95?oldid=3581254",entry
51,1906-07-05,"Little Thompson Creek","http://en.wikisource.org/wiki/Page:Field_Notes_of_Junius_Henderson,_Notebook_1.djvu/96?oldid=3614583",entry
51,1906-07-05,"St. Vrain Creek","http://en.wikisource.org/wiki/Page:Field_Notes_of_Junius_Henderson,_Notebook_1.djvu/96?oldid=3614583",entry
51,1906-07-05,"Longmont, Colorado","http://en.wikisource.org/wiki/Page:Field_Notes_of_Junius_Henderson,_Notebook_1.djvu/97?oldid=3614584",entry
52,1906-07-06,"Longmont, Colorado","http://en.wikisource.org/wiki/Page:Field_Notes_of_Junius_Henderson,_Notebook_1.djvu/97?oldid=3614584",entry
52,1906-07-06,"Longmont, Colorado","http://en.wikisource.org/wiki/Page:Field_Notes_of_Junius_Henderson,_Notebook_1.djvu/97?oldid=3614584",entry
52,1906-07-06,"Boulder, Colorado","http://en.wikisource.org/wiki/Page:Field_Notes_of_Junius_Henderson,_Notebook_1.djvu/97?oldid=3614584",entry
53,1906-08-31,"Boulder, Colorado","http://en.wikisource.org/wiki/Page:Field_Notes_of_Junius_Henderson,_Notebook_1.djvu/98?oldid=3614585",entry
53,1906-08-31,"Boulder, Colorado","http://en.wikisource.org/wiki/Page:Field_Notes_of_Junius_Henderson,_Notebook_1.djvu/98?oldid=3614585",entry
53,1906-08-31,"Bluebird Mine, Colorado","http://en.wikisource.org/wiki/Page:Field_Notes_of_Junius_Henderson,_Notebook_1.djvu/98?oldid=3614585",entry
53,1906-08-31,"Eldora, Colorado","http://en.wikisource.org/wiki/Page:Field_Notes_of_Junius_Henderson,_Notebook_1.djvu/98?oldid=3614585",entry
53,1906-08-31,"Gold Miner Hotel, Colorado","http://en.wikisource.org/wiki/Page:Field_Notes_of_Junius_Henderson,_Notebook_1.djvu/98?oldid=3614585",entry
53,1906-08-31,"Hessie, Colorado","http://en.wikisource.org/wiki/Page:Field_Notes_of_Junius_Henderson,_Notebook_1.djvu/98?oldid=3614585",entry
54,1906-09-01,"Hessie, Colorado","http://en.wikisource.org/wiki/Page:Field_Notes_of_Junius_Henderson,_Notebook_1.djvu/99?oldid=3614586",entry
54,1906-09-01,"4th of July Mine, Colorado","http://en.wikisource.org/wiki/Page:Field_Notes_of_Junius_Henderson,_Notebook_1.djvu/99?oldid=3614586",entry
55,1906-09-01,"Marshall, Colorado","http://en.wikisource.org/wiki/Page:Field_Notes_of_Junius_Henderson,_Notebook_1.djvu/101?oldid=3614587",entry
55,1907-02-09,"Marshall, Colorado","http://en.wikisource.org/wiki/Page:Field_Notes_of_Junius_Henderson,_Notebook_1.djvu/101?oldid=3614587",entry
55,1907-02-09,"Marshall, Colorado","http://en.wikisource.org/wiki/Page:Field_Notes_of_Junius_Henderson,_Notebook_1.djvu/101?oldid=3614587",entry
56,1907-02-09,"Boulder, Colorado","http://en.wikisource.org/wiki/Page:Field_Notes_of_Junius_Henderson,_Notebook_1.djvu/102?oldid=3614588",entry
56,1907-02-12,"Boulder, Colorado","http://en.wikisource.org/wiki/Page:Field_Notes_of_Junius_Henderson,_Notebook_1.djvu/102?oldid=3614588",entry
56,1907-02-12,"Boulder, Colorado","http://en.wikisource.org/wiki/Page:Field_Notes_of_Junius_Henderson,_Notebook_1.djvu/102?oldid=3614588",entry
57,1907-02-17,"Boulder, Colorado","http://en.wikisource.org/wiki/Page:Field_Notes_of_Junius_Henderson,_Notebook_1.djvu/104?oldid=3614589",entry
57,1907-02-17,"Haystack Butte, Colorado","http://en.wikisource.org/wiki/Page:Field_Notes_of_Junius_Henderson,_Notebook_1.djvu/105?oldid=3581891",entry
58,1907-02-17,"Boulder, Colorado","http://en.wikisource.org/wiki/Page:Field_Notes_of_Junius_Henderson,_Notebook_1.djvu/106?oldid=3614590",entry
58,1907-02-22,"Boulder, Colorado","http://en.wikisource.org/wiki/Page:Field_Notes_of_Junius_Henderson,_Notebook_1.djvu/106?oldid=3614590",entry
58,1907-02-22,"Four Mile Mesa, Colorado","http://en.wikisource.org/wiki/Page:Field_Notes_of_Junius_Henderson,_Notebook_1.djvu/106?oldid=3614590",entry
59,1907-02-22,"Boulder, Colorado","http://en.wikisource.org/wiki/Page:Field_Notes_of_Junius_Henderson,_Notebook_1.djvu/106?oldid=3614590",entry
59,1907-02-23,"Boulder, Colorado","http://en.wikisource.org/wiki/Page:Field_Notes_of_Junius_Henderson,_Notebook_1.djvu/106?oldid=3614590",entry
59,1907-02-23,"Four Mile Mesa, Colorado","http://en.wikisource.org/wiki/Page:Field_Notes_of_Junius_Henderson,_Notebook_1.djvu/107?oldid=3614591",entry
60,1907-02-23,"Denver, Colorado","http://en.wikisource.org/wiki/Page:Field_Notes_of_Junius_Henderson,_Notebook_1.djvu/107?oldid=3614591",entry
60,1907-03-02,"Denver, Colorado","http://en.wikisource.org/wiki/Page:Field_Notes_of_Junius_Henderson,_Notebook_1.djvu/107?oldid=3614591",entry
60,1907-03-02,"West Denver, Colorado","http://en.wikisource.org/wiki/Page:Field_Notes_of_Junius_Henderson,_Notebook_1.djvu/107?oldid=3614591",entry
60,1907-03-02,"Green Mountain Creek, Colorado","http://en.wikisource.org/wiki/Page:Field_Notes_of_Junius_Henderson,_Notebook_1.djvu/107?oldid=3614591",entry
60,1907-03-02,"Green Mountain, Colorado","http://en.wikisource.org/wiki/Page:Field_Notes_of_Junius_Henderson,_Notebook_1.djvu/108?oldid=3581914",entry
60,1907-03-02,"South Platte River, Colorado","http://en.wikisource.org/wiki/Page:Field_Notes_of_Junius_Henderson,_Notebook_1.djvu/108?oldid=3581914",entry
60,1907-03-02,"Green Mountain Creek, Colorado","http://en.wikisource.org/wiki/Page:Field_Notes_of_Junius_Henderson,_Notebook_1.djvu/108?oldid=3581914",entry
60,1907-03-02,"Green Mountain Creek, Colorado","http://en.wikisource.org/wiki/Page:Field_Notes_of_Junius_Henderson,_Notebook_1.djvu/109?oldid=3614592",entry
60,1907-03-02,"South Platte River","http://en.wikisource.org/wiki/Page:Field_Notes_of_Junius_Henderson,_Notebook_1.djvu/109?oldid=3614592",entry
60,1907-03-02,"Green Mountain Creek, Colorado","http://en.wikisource.org/wiki/Page:Field_Notes_of_Junius_Henderson,_Notebook_1.djvu/109?oldid=3614592",entry
60,1907-03-02,"Green Mountain Creek, Colorado","http://en.wikisource.org/wiki/Page:Field_Notes_of_Junius_Henderson,_Notebook_1.djvu/111?oldid=3581922",entry
61,1907-03-02,"Boulder, Colorado","http://en.wikisource.org/wiki/Page:Field_Notes_of_Junius_Henderson,_Notebook_1.djvu/113?oldid=3614593",entry
61,1907-04-07,"Boulder, Colorado","http://en.wikisource.org/wiki/Page:Field_Notes_of_Junius_Henderson,_Notebook_1.djvu/113?oldid=3614593",entry
61,1907-04-07,"Left Hand Creek, Colorado","http://en.wikisource.org/wiki/Page:Field_Notes_of_Junius_Henderson,_Notebook_1.djvu/114?oldid=3581927",entry
