catalogNumber,dc:modified,basisOfRecord,institutionCode,collectionCode,associatedMedia,fieldNotes,scientificName,vernacularName,ScrapedName,AnnotatorName,VerbatimDate,identifiedBy,dateIdentified,associatedReferences,dataGeneralizations,identificationRemarks,occurenceRemarks,country,countryCode,stateProvince,county,locality,verbatimLocality,AnnotatorLocality,ScrapeGoatField,"decimal latitude","decimal longitude",geodeticDatum,coordinateUncertaintyInMeters,georeferencedBy,georeferencedDate,Kingdom,Phylum,Class,Order,Family,Genus,Species,EventDate,Day,Month,Year
JHFN2-7-A,'2012-03-15,HumanObservation,UCM,HendersonNotes,"http://en.wikisource.org/wiki/Page:Field_Notes_of_Junius_Henderson,_Notebook_2.pdf/7?oldid=3614624",http://en.wikisource.org/wiki/Field_Notes_of_Junius_Henderson,,,"piñon jays","Gymnorhinus cyanocephalus","'Thursday June 6, 1907","Junius Henderson",'1907-06-06,,,,,"United States of America",US,,,,Boulder,"Boulder, Colorado",,,,,,,,,,,,,,,,,,
JHFN2-7-B,'2012-03-15,HumanObservation,UCM,HendersonNotes,"http://en.wikisource.org/wiki/Page:Field_Notes_of_Junius_Henderson,_Notebook_2.pdf/7?oldid=3614624",http://en.wikisource.org/wiki/Field_Notes_of_Junius_Henderson,,,magpies,Corvidae,"'Thursday June 6, 1907","Junius Henderson",'1907-06-06,,,,,"United States of America",US,,,,"Owl Canyon","Owl Canyon, Colorado",,,,,,,,,,,,,,,,,,
JHFN2-7-C,'2012-03-15,HumanObservation,UCM,HendersonNotes,"http://en.wikisource.org/wiki/Page:Field_Notes_of_Junius_Henderson,_Notebook_2.pdf/7?oldid=3614624",http://en.wikisource.org/wiki/Field_Notes_of_Junius_Henderson,,,"redwing blackbird","Agelaius phoeniceus","'Thursday June 6, 1907","Junius Henderson",'1907-06-06,,,,,"United States of America",US,,,,"Owl Canyon","Owl Canyon, Colorado",,,,,,,,,,,,,,,,,,
JHFN2-7-D,'2012-03-15,HumanObservation,UCM,HendersonNotes,"http://en.wikisource.org/wiki/Page:Field_Notes_of_Junius_Henderson,_Notebook_2.pdf/7?oldid=3614624",http://en.wikisource.org/wiki/Field_Notes_of_Junius_Henderson,,,"lark buntings","Calamospiza melanocorys","'Thursday June 6, 1907","Junius Henderson",'1907-06-06,,,,,"United States of America",US,,,,"Owl Canyon","Owl Canyon, Colorado",,,,,,,,,,,,,,,,,,
JHFN2-7-E,'2012-03-15,HumanObservation,UCM,HendersonNotes,"http://en.wikisource.org/wiki/Page:Field_Notes_of_Junius_Henderson,_Notebook_2.pdf/7?oldid=3614624",http://en.wikisource.org/wiki/Field_Notes_of_Junius_Henderson,,,"Arkansas kingbird","Tyrannus ","'Thursday June 6, 1907","Junius Henderson",'1907-06-06,,,,,"United States of America",US,,,,"Owl Canyon","Owl Canyon, Colorado",,,,,,,,,,,,,,,,,,
JHFN2-7-F,'2012-03-15,HumanObservation,UCM,HendersonNotes,"http://en.wikisource.org/wiki/Page:Field_Notes_of_Junius_Henderson,_Notebook_2.pdf/7?oldid=3614624",http://en.wikisource.org/wiki/Field_Notes_of_Junius_Henderson,,,"T.T. kingbird",Tyrannus,"'Thursday June 6, 1907","Junius Henderson",'1907-06-06,,,,,"United States of America",US,,,,"Owl Canyon","Owl Canyon, Colorado",,,,,,,,,,,,,,,,,,
JHFN2-7-G,'2012-03-15,HumanObservation,UCM,HendersonNotes,"http://en.wikisource.org/wiki/Page:Field_Notes_of_Junius_Henderson,_Notebook_2.pdf/7?oldid=3614624",http://en.wikisource.org/wiki/Field_Notes_of_Junius_Henderson,,,"mourning doves","Zenaida macroura","'Thursday June 6, 1907","Junius Henderson",'1907-06-06,,,,,"United States of America",US,,,,"Owl Canyon","Owl Canyon, Colorado",,,,,,,,,,,,,,,,,,
JHFN2-7-H,'2012-03-15,HumanObservation,UCM,HendersonNotes,"http://en.wikisource.org/wiki/Page:Field_Notes_of_Junius_Henderson,_Notebook_2.pdf/7?oldid=3614624",http://en.wikisource.org/wiki/Field_Notes_of_Junius_Henderson,,,killdeer,"Charadrius vociferus","'Thursday June 6, 1907","Junius Henderson",'1907-06-06,,,,,"United States of America",US,,,,"Owl Canyon","Owl Canyon, Colorado",,,,,,,,,,,,,,,,,,
JHFN2-7-I,'2012-03-15,HumanObservation,UCM,HendersonNotes,"http://en.wikisource.org/wiki/Page:Field_Notes_of_Junius_Henderson,_Notebook_2.pdf/7?oldid=3614624",http://en.wikisource.org/wiki/Field_Notes_of_Junius_Henderson,,,kingfisher,Alcedines,"'Thursday June 6, 1907","Junius Henderson",'1907-06-06,,,,,"United States of America",US,,,,"Owl Canyon","Owl Canyon, Colorado",,,,,,,,,,,,,,,,,,
JHFN2-7-J,'2012-03-15,HumanObservation,UCM,HendersonNotes,"http://en.wikisource.org/wiki/Page:Field_Notes_of_Junius_Henderson,_Notebook_2.pdf/7?oldid=3614624",http://en.wikisource.org/wiki/Field_Notes_of_Junius_Henderson,,,robins,"Turdus migratorius","'Thursday June 6, 1907","Junius Henderson",'1907-06-06,,,,,"United States of America",US,,,,"Owl Canyon","Owl Canyon, Colorado",,,,,,,,,,,,,,,,,,
JHFN2-7-K,'2012-03-15,HumanObservation,UCM,HendersonNotes,"http://en.wikisource.org/wiki/Page:Field_Notes_of_Junius_Henderson,_Notebook_2.pdf/7?oldid=3614624",http://en.wikisource.org/wiki/Field_Notes_of_Junius_Henderson,,,"barn swallows","Hirundo rustica","'Thursday June 6, 1907","Junius Henderson",'1907-06-06,,,,,"United States of America",US,,,,"Owl Canyon","Owl Canyon, Colorado",,,,,,,,,,,,,,,,,,
JHFN2-7-L,'2012-03-15,HumanObservation,UCM,HendersonNotes,"http://en.wikisource.org/wiki/Page:Field_Notes_of_Junius_Henderson,_Notebook_2.pdf/7?oldid=3614624",http://en.wikisource.org/wiki/Field_Notes_of_Junius_Henderson,,,"cliff swallows","Petrochelidon pyrrhonota","'Thursday June 6, 1907","Junius Henderson",'1907-06-06,,,,,"United States of America",US,,,,"Owl Canyon","Owl Canyon, Colorado",,,,,,,,,,,,,,,,,,
JHFN2-8-A,'2012-03-15,HumanObservation,UCM,HendersonNotes,"http://en.wikisource.org/wiki/Page:Field_Notes_of_Junius_Henderson,_Notebook_2.pdf/8?oldid=3614625",http://en.wikisource.org/wiki/Field_Notes_of_Junius_Henderson,,,meadowlark,Sturnella,"'Thursday June 6, 1907","Junius Henderson",'1907-06-06,,,,,"United States of America",US,,,,"Owl Canyon","Owl Canyon, Colorado",,,,,,,,,,,,,,,,,,
JHFN2-8-B,'2012-03-15,HumanObservation,UCM,HendersonNotes,"http://en.wikisource.org/wiki/Page:Field_Notes_of_Junius_Henderson,_Notebook_2.pdf/8?oldid=3614625",http://en.wikisource.org/wiki/Field_Notes_of_Junius_Henderson,,,"burrowing owl","Athene cunicularia","'Thursday June 6, 1907","Junius Henderson",'1907-06-06,,,,,"United States of America",US,,,,"Owl Canyon","Owl Canyon, Colorado",,,,,,,,,,,,,,,,,,
JHFN2-8-C,'2012-03-15,HumanObservation,UCM,HendersonNotes,"http://en.wikisource.org/wiki/Page:Field_Notes_of_Junius_Henderson,_Notebook_2.pdf/8?oldid=3614625",http://en.wikisource.org/wiki/Field_Notes_of_Junius_Henderson,,,goldfinch,"Carduelis tristis","'Thursday June 6, 1907","Junius Henderson",'1907-06-06,,,,,"United States of America",US,,,,"Owl Canyon","Owl Canyon, Colorado",,,,,,,,,,,,,,,,,,
JHFN2-8-D,'2012-03-15,HumanObservation,UCM,HendersonNotes,"http://en.wikisource.org/wiki/Page:Field_Notes_of_Junius_Henderson,_Notebook_2.pdf/8?oldid=3614625",http://en.wikisource.org/wiki/Field_Notes_of_Junius_Henderson,,,"Brewer’s blackbirds","Euphagus cyanocephalus","'Thursday June 6, 1907","Junius Henderson",'1907-06-06,,,,,"United States of America",US,,,,"Owl Canyon","Owl Canyon, Colorado",,,,,,,,,,,,,,,,,,
JHFN2-8-E,'2012-03-15,HumanObservation,UCM,HendersonNotes,"http://en.wikisource.org/wiki/Page:Field_Notes_of_Junius_Henderson,_Notebook_2.pdf/8?oldid=3614625",http://en.wikisource.org/wiki/Field_Notes_of_Junius_Henderson,,,"cliff swallows","Petrochelidon pyrrhonota","'June 7, 1907","Junius Henderson",'1907-06-07,,,,,"United States of America",US,,,,"Owl Canyon","Owl Canyon, Colorado",,,,,,,,,,,,,,,,,,
JHFN2-11-A,'2012-03-15,HumanObservation,UCM,HendersonNotes,"http://en.wikisource.org/wiki/Page:Field_Notes_of_Junius_Henderson,_Notebook_2.pdf/11?oldid=3607870",http://en.wikisource.org/wiki/Field_Notes_of_Junius_Henderson,,,"piñon jays","Gymnorhinus cyanocephalus","'June 8, 1907","Junius Henderson",'1907-06-08,,,,,"United States of America",US,,,,"Cheyenne road","US Rt. 87",,,,,,,,,,,,,,,,,,
JHFN2-11-B,'2012-03-15,HumanObservation,UCM,HendersonNotes,"http://en.wikisource.org/wiki/Page:Field_Notes_of_Junius_Henderson,_Notebook_2.pdf/11?oldid=3607870",http://en.wikisource.org/wiki/Field_Notes_of_Junius_Henderson,,,cedar,cedar,"'June 8, 1907","Junius Henderson",'1907-06-08,,,,,"United States of America",US,,,,"Cheyenne road","US Rt. 87",,,,,,,,,,,,,,,,,,
JHFN2-12-A,'2012-03-15,HumanObservation,UCM,HendersonNotes,"http://en.wikisource.org/wiki/Page:Field_Notes_of_Junius_Henderson,_Notebook_2.pdf/12?oldid=3614628",http://en.wikisource.org/wiki/Field_Notes_of_Junius_Henderson,,,"Brewer blackbird","Euphagus cyanocephalus","'June 8, 1907","Junius Henderson",'1907-06-08,,,,,"United States of America",US,,,,"Cheyenne road","US Rt. 87",,,,,,,,,,,,,,,,,,
JHFN2-12-B,'2012-03-15,HumanObservation,UCM,HendersonNotes,"http://en.wikisource.org/wiki/Page:Field_Notes_of_Junius_Henderson,_Notebook_2.pdf/12?oldid=3614628",http://en.wikisource.org/wiki/Field_Notes_of_Junius_Henderson,,,"Cliff swallow","Petrochelidon pyrrhonota","'June 8, 1907","Junius Henderson",'1907-06-08,,,,,"United States of America",US,,,,"Cheyenne road","US Rt. 87",,,,,,,,,,,,,,,,,,
JHFN2-12-C,'2012-03-15,HumanObservation,UCM,HendersonNotes,"http://en.wikisource.org/wiki/Page:Field_Notes_of_Junius_Henderson,_Notebook_2.pdf/12?oldid=3614628",http://en.wikisource.org/wiki/Field_Notes_of_Junius_Henderson,,,"violet green swallow","Tachycineta thalassina","'June 8, 1907","Junius Henderson",'1907-06-08,,,,,"United States of America",US,,,,"Cheyenne road","US Rt. 87",,,,,,,,,,,,,,,,,,
JHFN2-12-D,'2012-03-15,HumanObservation,UCM,HendersonNotes,"http://en.wikisource.org/wiki/Page:Field_Notes_of_Junius_Henderson,_Notebook_2.pdf/12?oldid=3614628",http://en.wikisource.org/wiki/Field_Notes_of_Junius_Henderson,,,"Mt bluebird","Sialia currucoides","'June 8, 1907","Junius Henderson",'1907-06-08,,,,,"United States of America",US,,,,"Cheyenne road","US Rt. 87",,,,,,,,,,,,,,,,,,
JHFN2-12-E,'2012-03-15,HumanObservation,UCM,HendersonNotes,"http://en.wikisource.org/wiki/Page:Field_Notes_of_Junius_Henderson,_Notebook_2.pdf/12?oldid=3614628",http://en.wikisource.org/wiki/Field_Notes_of_Junius_Henderson,,,buzzard,Buteo,"'June 8, 1907","Junius Henderson",'1907-06-08,,,,,"United States of America",US,,,,"Cheyenne road","US Rt. 87",,,,,,,,,,,,,,,,,,
JHFN2-12-F,'2012-03-15,HumanObservation,UCM,HendersonNotes,"http://en.wikisource.org/wiki/Page:Field_Notes_of_Junius_Henderson,_Notebook_2.pdf/12?oldid=3614628",http://en.wikisource.org/wiki/Field_Notes_of_Junius_Henderson,,,"red tailed hawk","Buteo jamaicensis","'June 8, 1907","Junius Henderson",'1907-06-08,,,,,"United States of America",US,,,,"Cheyenne road","US Rt. 87",,,,,,,,,,,,,,,,,,
JHFN2-12-G,'2012-03-15,HumanObservation,UCM,HendersonNotes,"http://en.wikisource.org/wiki/Page:Field_Notes_of_Junius_Henderson,_Notebook_2.pdf/12?oldid=3614628",http://en.wikisource.org/wiki/Field_Notes_of_Junius_Henderson,,,"Brewer blackbird","Euphagus cyanocephalus","'June 8, 1907","Junius Henderson",'1907-06-08,,,,,"United States of America",US,,,,"Cheyenne road","US Rt. 87",,,,,,,,,,,,,,,,,,
JHFN2-12-H,'2012-03-15,HumanObservation,UCM,HendersonNotes,"http://en.wikisource.org/wiki/Page:Field_Notes_of_Junius_Henderson,_Notebook_2.pdf/12?oldid=3614628",http://en.wikisource.org/wiki/Field_Notes_of_Junius_Henderson,,,catbird,catbird,"'June 8, 1907","Junius Henderson",'1907-06-08,,,,,"United States of America",US,,,,"Cheyenne road","US Rt. 87",,,,,,,,,,,,,,,,,,
JHFN2-12-I,'2012-03-15,HumanObservation,UCM,HendersonNotes,"http://en.wikisource.org/wiki/Page:Field_Notes_of_Junius_Henderson,_Notebook_2.pdf/12?oldid=3614628",http://en.wikisource.org/wiki/Field_Notes_of_Junius_Henderson,,,goldfinch,"Carduelis tristis","'June 8, 1907","Junius Henderson",'1907-06-08,,,,,"United States of America",US,,,,"Cheyenne road","US Rt. 87",,,,,,,,,,,,,,,,,,
JHFN2-12-J,'2012-03-15,HumanObservation,UCM,HendersonNotes,"http://en.wikisource.org/wiki/Page:Field_Notes_of_Junius_Henderson,_Notebook_2.pdf/12?oldid=3614628",http://en.wikisource.org/wiki/Field_Notes_of_Junius_Henderson,,,"red head (sic) woodpecker","Melanerpes erythrocephalus","'June 8, 1907","Junius Henderson",'1907-06-08,,,,,"United States of America",US,,,,"Cheyenne road","US Rt. 87",,,,,,,,,,,,,,,,,,
JHFN2-12-K,'2012-03-15,HumanObservation,UCM,HendersonNotes,"http://en.wikisource.org/wiki/Page:Field_Notes_of_Junius_Henderson,_Notebook_2.pdf/12?oldid=3614628",http://en.wikisource.org/wiki/Field_Notes_of_Junius_Henderson,,,cowbird,Molothrus,"'June 8, 1907","Junius Henderson",'1907-06-08,,,,,"United States of America",US,,,,"Cheyenne road","US Rt. 87",,,,,,,,,,,,,,,,,,
JHFN2-12-L,'2012-03-15,HumanObservation,UCM,HendersonNotes,"http://en.wikisource.org/wiki/Page:Field_Notes_of_Junius_Henderson,_Notebook_2.pdf/12?oldid=3614628",http://en.wikisource.org/wiki/Field_Notes_of_Junius_Henderson,,,"white throated swift","Aeronautes saxatalis","'June 8, 1907","Junius Henderson",'1907-06-08,,,,,"United States of America",US,,,,"Cheyenne road","US Rt. 87",,,,,,,,,,,,,,,,,,
JHFN2-12-M,'2012-03-15,HumanObservation,UCM,HendersonNotes,"http://en.wikisource.org/wiki/Page:Field_Notes_of_Junius_Henderson,_Notebook_2.pdf/12?oldid=3614628",http://en.wikisource.org/wiki/Field_Notes_of_Junius_Henderson,,,"yellow warbler","Dendroica aestiva","'June 8, 1907","Junius Henderson",'1907-06-08,,,,,"United States of America",US,,,,"Cheyenne road","US Rt. 87",,,,,,,,,,,,,,,,,,
JHFN2-12-N,'2012-03-15,HumanObservation,UCM,HendersonNotes,"http://en.wikisource.org/wiki/Page:Field_Notes_of_Junius_Henderson,_Notebook_2.pdf/12?oldid=3614628",http://en.wikisource.org/wiki/Field_Notes_of_Junius_Henderson,,,flicker,Colaptes,"'June 8, 1907","Junius Henderson",'1907-06-08,,,,,"United States of America",US,,,,"Cheyenne road","US Rt. 87",,,,,,,,,,,,,,,,,,
JHFN2-12-O,'2012-03-15,HumanObservation,UCM,HendersonNotes,"http://en.wikisource.org/wiki/Page:Field_Notes_of_Junius_Henderson,_Notebook_2.pdf/12?oldid=3614628",http://en.wikisource.org/wiki/Field_Notes_of_Junius_Henderson,,,robins,"Turdus migratorius","'June 8, 1907","Junius Henderson",'1907-06-08,,,,,"United States of America",US,,,,"Cheyenne road","US Rt. 87",,,,,,,,,,,,,,,,,,
JHFN2-12-P,'2012-03-15,HumanObservation,UCM,HendersonNotes,"http://en.wikisource.org/wiki/Page:Field_Notes_of_Junius_Henderson,_Notebook_2.pdf/12?oldid=3614628",http://en.wikisource.org/wiki/Field_Notes_of_Junius_Henderson,,,"red wing blackbird","Agelaius phoeniceus","'June 8, 1907","Junius Henderson",'1907-06-08,,,,,"United States of America",US,,,,"Cheyenne road","US Rt. 87",,,,,,,,,,,,,,,,,,
JHFN2-12-Q,'2012-03-15,HumanObservation,UCM,HendersonNotes,"http://en.wikisource.org/wiki/Page:Field_Notes_of_Junius_Henderson,_Notebook_2.pdf/12?oldid=3614628",http://en.wikisource.org/wiki/Field_Notes_of_Junius_Henderson,,,"Townsend warbler","Dendroica townsendi,","'June 8, 1907","Junius Henderson",'1907-06-08,,,,,"United States of America",US,,,,"Cheyenne road","US Rt. 87",,,,,,,,,,,,,,,,,,
JHFN2-12-R,'2012-03-15,HumanObservation,UCM,HendersonNotes,"http://en.wikisource.org/wiki/Page:Field_Notes_of_Junius_Henderson,_Notebook_2.pdf/12?oldid=3614628",http://en.wikisource.org/wiki/Field_Notes_of_Junius_Henderson,,,meadowlark,Sturnella,"'June 8, 1907","Junius Henderson",'1907-06-08,,,,,"United States of America",US,,,,"Cheyenne road","US Rt. 87",,,,,,,,,,,,,,,,,,
JHFN2-12-S,'2012-03-15,HumanObservation,UCM,HendersonNotes,"http://en.wikisource.org/wiki/Page:Field_Notes_of_Junius_Henderson,_Notebook_2.pdf/12?oldid=3614628",http://en.wikisource.org/wiki/Field_Notes_of_Junius_Henderson,,,"rock wren","Salpinctes obsoletus","'June 8, 1907","Junius Henderson",'1907-06-08,,,,,"United States of America",US,,,,"Cheyenne road","US Rt. 87",,,,,,,,,,,,,,,,,,
JHFN2-12-T,'2012-03-15,HumanObservation,UCM,HendersonNotes,"http://en.wikisource.org/wiki/Page:Field_Notes_of_Junius_Henderson,_Notebook_2.pdf/12?oldid=3614628",http://en.wikisource.org/wiki/Field_Notes_of_Junius_Henderson,,,dipper,Cinchlus,"'June 8, 1907","Junius Henderson",'1907-06-08,,,,,"United States of America",US,,,,"Cheyenne road","US Rt. 87",,,,,,,,,,,,,,,,,,
JHFN2-12-U,'2012-03-15,HumanObservation,UCM,HendersonNotes,"http://en.wikisource.org/wiki/Page:Field_Notes_of_Junius_Henderson,_Notebook_2.pdf/12?oldid=3614628",http://en.wikisource.org/wiki/Field_Notes_of_Junius_Henderson,,,"Bullock oriole","Icterus bullockii","'June 8, 1907","Junius Henderson",'1907-06-08,,,,,"United States of America",US,,,,"Cheyenne road","US Rt. 87",,,,,,,,,,,,,,,,,,
JHFN2-12-V,'2012-03-15,HumanObservation,UCM,HendersonNotes,"http://en.wikisource.org/wiki/Page:Field_Notes_of_Junius_Henderson,_Notebook_2.pdf/12?oldid=3614628",http://en.wikisource.org/wiki/Field_Notes_of_Junius_Henderson,,,killdeer,"Charadrius vociferus","'June 8, 1907","Junius Henderson",'1907-06-08,,,,,"United States of America",US,,,,"Cheyenne road","US Rt. 87",,,,,,,,,,,,,,,,,,
JHFN2-12-W,'2012-03-15,HumanObservation,UCM,HendersonNotes,"http://en.wikisource.org/wiki/Page:Field_Notes_of_Junius_Henderson,_Notebook_2.pdf/12?oldid=3614628",http://en.wikisource.org/wiki/Field_Notes_of_Junius_Henderson,,,"long crested jay","Cyanocitta stelleri","'June 8, 1907","Junius Henderson",'1907-06-08,,,,,"United States of America",US,,,,"Cheyenne road","US Rt. 87",,,,,,,,,,,,,,,,,,
JHFN2-12-X,'2012-03-15,HumanObservation,UCM,HendersonNotes,"http://en.wikisource.org/wiki/Page:Field_Notes_of_Junius_Henderson,_Notebook_2.pdf/12?oldid=3614628",http://en.wikisource.org/wiki/Field_Notes_of_Junius_Henderson,,,hummingbird,Trochilidae,"'June 8, 1907","Junius Henderson",'1907-06-08,,,,,"United States of America",US,,,,"Cheyenne road","US Rt. 87",,,,,,,,,,,,,,,,,,
JHFN2-12-Y,'2012-03-15,HumanObservation,UCM,HendersonNotes,"http://en.wikisource.org/wiki/Page:Field_Notes_of_Junius_Henderson,_Notebook_2.pdf/12?oldid=3614628",http://en.wikisource.org/wiki/Field_Notes_of_Junius_Henderson,,,"Lincoln song sparrow","Melospiza lincolnii","'June 8, 1907","Junius Henderson",'1907-06-08,,,,,"United States of America",US,,,,"Cheyenne road","US Rt. 87",,,,,,,,,,,,,,,,,,
JHFN2-12-Z,'2012-03-15,HumanObservation,UCM,HendersonNotes,"http://en.wikisource.org/wiki/Page:Field_Notes_of_Junius_Henderson,_Notebook_2.pdf/12?oldid=3614628",http://en.wikisource.org/wiki/Field_Notes_of_Junius_Henderson,,,"piñon jay","Gymnorhinus cyanocephalus","'June 8, 1907","Junius Henderson",'1907-06-08,,,,,"United States of America",US,,,,"Cheyenne road","US Rt. 87",,,,,,,,,,,,,,,,,,
JHFN2-12-AA,'2012-03-15,HumanObservation,UCM,HendersonNotes,"http://en.wikisource.org/wiki/Page:Field_Notes_of_Junius_Henderson,_Notebook_2.pdf/12?oldid=3614628",http://en.wikisource.org/wiki/Field_Notes_of_Junius_Henderson,,,towhee,towhee,"'June 8, 1907","Junius Henderson",'1907-06-08,,,,,"United States of America",US,,,,"Cheyenne road","US Rt. 87",,,,,,,,,,,,,,,,,,
JHFN2-12-AB,'2012-03-15,HumanObservation,UCM,HendersonNotes,"http://en.wikisource.org/wiki/Page:Field_Notes_of_Junius_Henderson,_Notebook_2.pdf/12?oldid=3614628",http://en.wikisource.org/wiki/Field_Notes_of_Junius_Henderson,,,Meadowlarks,Sturnella,"'June 8, 1907","Junius Henderson",'1907-06-08,,,,,"United States of America",US,,,,"Cheyenne road","US Rt. 87",,,,,,,,,,,,,,,,,,
JHFN2-12-AC,'2012-03-15,HumanObservation,UCM,HendersonNotes,"http://en.wikisource.org/wiki/Page:Field_Notes_of_Junius_Henderson,_Notebook_2.pdf/12?oldid=3614628",http://en.wikisource.org/wiki/Field_Notes_of_Junius_Henderson,,,Pisidia,Pisidia,"'June 8, 1907","Junius Henderson",'1907-06-08,,,,,"United States of America",US,,,,Wyoming,Wyoming,,,,,,,,,,,,,,,,,,
JHFN2-12-AD,'2012-03-15,HumanObservation,UCM,HendersonNotes,"http://en.wikisource.org/wiki/Page:Field_Notes_of_Junius_Henderson,_Notebook_2.pdf/12?oldid=3614628",http://en.wikisource.org/wiki/Field_Notes_of_Junius_Henderson,,,Pyramidula,Pyramidula,"'Sunday June 9, 1907","Junius Henderson",'1907-06-09,,,,,"United States of America",US,,,,"Box Elder Creek","Box Elder Creek, Wyoming",,,,,,,,,,,,,,,,,,
JHFN2-12-AE,'2012-03-15,HumanObservation,UCM,HendersonNotes,"http://en.wikisource.org/wiki/Page:Field_Notes_of_Junius_Henderson,_Notebook_2.pdf/12?oldid=3614628",http://en.wikisource.org/wiki/Field_Notes_of_Junius_Henderson,,,Zonitoides,Zonitoides,"'Sunday June 9, 1907","Junius Henderson",'1907-06-09,,,,,"United States of America",US,,,,"Box Elder Creek","Box Elder Creek, Wyoming",,,,,,,,,,,,,,,,,,
JHFN2-12-AF,'2012-03-15,HumanObservation,UCM,HendersonNotes,"http://en.wikisource.org/wiki/Page:Field_Notes_of_Junius_Henderson,_Notebook_2.pdf/12?oldid=3614628",http://en.wikisource.org/wiki/Field_Notes_of_Junius_Henderson,,,Vallonia,Vallonia,"'Sunday June 9, 1907","Junius Henderson",'1907-06-09,,,,,"United States of America",US,,,,"Box Elder Creek","Box Elder Creek, Wyoming",,,,,,,,,,,,,,,,,,
JHFN2-12-AG,'2012-03-15,HumanObservation,UCM,HendersonNotes,"http://en.wikisource.org/wiki/Page:Field_Notes_of_Junius_Henderson,_Notebook_2.pdf/12?oldid=3614628",http://en.wikisource.org/wiki/Field_Notes_of_Junius_Henderson,,,Pupilla,Pupilla,"'Sunday June 9, 1907","Junius Henderson",'1907-06-09,,,,,"United States of America",US,,,,"Box Elder Creek","Box Elder Creek, Wyoming",,,,,,,,,,,,,,,,,,
JHFN2-12-AH,'2012-03-15,HumanObservation,UCM,HendersonNotes,"http://en.wikisource.org/wiki/Page:Field_Notes_of_Junius_Henderson,_Notebook_2.pdf/12?oldid=3614628",http://en.wikisource.org/wiki/Field_Notes_of_Junius_Henderson,,,Pisidium,Pisidium,"'Sunday June 9, 1907","Junius Henderson",'1907-06-09,,,,,"United States of America",US,,,,"Box Elder Creek","Box Elder Creek, Wyoming",,,,,,,,,,,,,,,,,,
JHFN2-20-A,'2012-03-15,HumanObservation,UCM,HendersonNotes,"http://en.wikisource.org/wiki/Page:Field_Notes_of_Junius_Henderson,_Notebook_2.pdf/20?oldid=3607907",http://en.wikisource.org/wiki/Field_Notes_of_Junius_Henderson,,,"night hawk","Chordeiles minor","'June 11, 1907","Junius Henderson",'1907-06-11,,,,,"United States of America",US,,,,"Box Elder","Boxelder Creek",,,,,,,,,,,,,,,,,,
JHFN2-21-A,'2012-03-15,HumanObservation,UCM,HendersonNotes,"http://en.wikisource.org/wiki/Page:Field_Notes_of_Junius_Henderson,_Notebook_2.pdf/21?oldid=3614634",http://en.wikisource.org/wiki/Field_Notes_of_Junius_Henderson,,,brachiopod,brachiopod,"'June 12, 1907","Junius Henderson",'1907-06-11,,,,,"United States of America",US,,,,"Box Elder falls","Box Elder Falls, Colorado",,,,,,,,,,,,,,,,,,
JHFN2-22-A,'2012-03-15,HumanObservation,UCM,HendersonNotes,"http://en.wikisource.org/wiki/Page:Field_Notes_of_Junius_Henderson,_Notebook_2.pdf/22?oldid=3607912",http://en.wikisource.org/wiki/Field_Notes_of_Junius_Henderson,,,brachiopods,brachiopods,"'June 12, 1907","Junius Henderson",'1907-06-11,,,,,"United States of America",US,,,,"Box Elder","Box Elder",,,,,,,,,,,,,,,,,,
JHFN2-23-A,'2012-03-15,HumanObservation,UCM,HendersonNotes,"http://en.wikisource.org/wiki/Page:Field_Notes_of_Junius_Henderson,_Notebook_2.pdf/23?oldid=3607916",http://en.wikisource.org/wiki/Field_Notes_of_Junius_Henderson,,,brachiopods,brachiopods,"'June 12, 1907","Junius Henderson",'1907-06-11,,,,,"United States of America",US,,,,"Red Mt.","Red Mt., Colorado",,,,,,,,,,,,,,,,,,
JHFN2-24-A,'2012-03-15,HumanObservation,UCM,HendersonNotes,"http://en.wikisource.org/wiki/Page:Field_Notes_of_Junius_Henderson,_Notebook_2.pdf/24?oldid=3614635",http://en.wikisource.org/wiki/Field_Notes_of_Junius_Henderson,,,"red tailed hawk","Buteo jamaicensis","'June 12, 1907","Junius Henderson",'1907-06-11,,,,,"United States of America",US,,,,"Box Elder","Box Elder Creek, Colorado",,,,,,,,,,,,,,,,,,
JHFN2-26-A,'2012-03-15,HumanObservation,UCM,HendersonNotes,"http://en.wikisource.org/wiki/Page:Field_Notes_of_Junius_Henderson,_Notebook_2.pdf/26?oldid=3614636",http://en.wikisource.org/wiki/Field_Notes_of_Junius_Henderson,,,brachiopods,brachiopods,"'June 14/07","Junius Henderson",'1907-06-14,,,,,"United States of America",US,,,,"Owl Canyon","Owl Creek Canyon, Colorado",,,,,,,,,,,,,,,,,,
JHFN2-29-A,'2012-03-15,HumanObservation,UCM,HendersonNotes,"http://en.wikisource.org/wiki/Page:Field_Notes_of_Junius_Henderson,_Notebook_2.pdf/29?oldid=3607929",http://en.wikisource.org/wiki/Field_Notes_of_Junius_Henderson,,,"Inoceramus deformis","Inoceramus deformis","'June 14/07","Junius Henderson",'1907-06-14,,,,,"United States of America",US,,,,Boulder,"Boulder, Colorado",,,,,,,,,,,,,,,,,,
JHFN2-29-B,'2012-03-15,HumanObservation,UCM,HendersonNotes,"http://en.wikisource.org/wiki/Page:Field_Notes_of_Junius_Henderson,_Notebook_2.pdf/29?oldid=3607929",http://en.wikisource.org/wiki/Field_Notes_of_Junius_Henderson,,,"Ostrea congesta","Ostrea congesta","'June 14/07","Junius Henderson",'1907-06-14,,,,,"United States of America",US,,,,Boulder,"Boulder, Colorado",,,,,,,,,,,,,,,,,,
JHFN2-29-C,'2012-03-15,HumanObservation,UCM,HendersonNotes,"http://en.wikisource.org/wiki/Page:Field_Notes_of_Junius_Henderson,_Notebook_2.pdf/29?oldid=3607929",http://en.wikisource.org/wiki/Field_Notes_of_Junius_Henderson,,,Ostrea,Ostrea,"'June 14/07","Junius Henderson",'1907-06-14,,,,,"United States of America",US,,,,Boulder,"Boulder, Colorado",,,,,,,,,,,,,,,,,,
JHFN2-29-D,'2012-03-15,HumanObservation,UCM,HendersonNotes,"http://en.wikisource.org/wiki/Page:Field_Notes_of_Junius_Henderson,_Notebook_2.pdf/29?oldid=3607929",http://en.wikisource.org/wiki/Field_Notes_of_Junius_Henderson,,,Inoceramus,Inoceramus,"'June 14/07","Junius Henderson",'1907-06-14,,,,,"United States of America",US,,,,Boulder,"Boulder, Colorado",,,,,,,,,,,,,,,,,,
JHFN2-29-E,'2012-03-15,HumanObservation,UCM,HendersonNotes,"http://en.wikisource.org/wiki/Page:Field_Notes_of_Junius_Henderson,_Notebook_2.pdf/29?oldid=3607929",http://en.wikisource.org/wiki/Field_Notes_of_Junius_Henderson,,,"Ostrea congesta","Ostrea congesta","'June 14/07","Junius Henderson",'1907-06-14,,,,,"United States of America",US,,,,Boulder,"Boulder, Colorado",,,,,,,,,,,,,,,,,,
JHFN2-30-A,'2012-03-15,HumanObservation,UCM,HendersonNotes,"http://en.wikisource.org/wiki/Page:Field_Notes_of_Junius_Henderson,_Notebook_2.pdf/30?oldid=3607935",http://en.wikisource.org/wiki/Field_Notes_of_Junius_Henderson,,,Inoceramus,Inoceramus,"'June 14/07","Junius Henderson",'1907-06-14,,,,,"United States of America",US,,,,Boulder,"Boulder, Colorado",,,,,,,,,,,,,,,,,,
JHFN2-31-A,'2012-03-15,HumanObservation,UCM,HendersonNotes,"http://en.wikisource.org/wiki/Page:Field_Notes_of_Junius_Henderson,_Notebook_2.pdf/31?oldid=3607937",http://en.wikisource.org/wiki/Field_Notes_of_Junius_Henderson,,,brachiopods,brachiopods,"'June 14/07","Junius Henderson",'1907-06-14,,,,,"United States of America",US,,,,"Owl Canyon","Owl Creek Canyon, Colorado",,,,,,,,,,,,,,,,,,
JHFN2-35-A,'2012-03-15,HumanObservation,UCM,HendersonNotes,"http://en.wikisource.org/wiki/Page:Field_Notes_of_Junius_Henderson,_Notebook_2.pdf/35?oldid=3614640",http://en.wikisource.org/wiki/Field_Notes_of_Junius_Henderson,,,"Lymnaea palustris","Lymnaea palustris","'Aug. 22, 1907","Junius Henderson",'1907-08-22,,,,,"United States of America",US,,,,Magnolia,"Magnolia, Colorado",,,,,,,,,,,,,,,,,,
JHFN2-35-B,'2012-03-15,HumanObservation,UCM,HendersonNotes,"http://en.wikisource.org/wiki/Page:Field_Notes_of_Junius_Henderson,_Notebook_2.pdf/35?oldid=3614640",http://en.wikisource.org/wiki/Field_Notes_of_Junius_Henderson,,,"Calyculina sp.",Calyculina,"'Aug. 22, 1907","Junius Henderson",'1907-08-22,,,,,"United States of America",US,,,,Magnolia,"Magnolia, Colorado",,,,,,,,,,,,,,,,,,
JHFN2-35-C,'2012-03-15,HumanObservation,UCM,HendersonNotes,"http://en.wikisource.org/wiki/Page:Field_Notes_of_Junius_Henderson,_Notebook_2.pdf/35?oldid=3614640",http://en.wikisource.org/wiki/Field_Notes_of_Junius_Henderson,,,"Planorbis exacuous (sic)",Planorbis,"'Aug. 22, 1907","Junius Henderson",'1907-08-22,,,,,"United States of America",US,,,,Magnolia,"Magnolia, Colorado",,,,,,,,,,,,,,,,,,
JHFN2-35-D,'2012-03-15,HumanObservation,UCM,HendersonNotes,"http://en.wikisource.org/wiki/Page:Field_Notes_of_Junius_Henderson,_Notebook_2.pdf/35?oldid=3614640",http://en.wikisource.org/wiki/Field_Notes_of_Junius_Henderson,,,"quaking aspen","Populus tremuloides","'Aug. 22, 1907","Junius Henderson",'1907-08-22,,,,,"United States of America",US,,,,Magnolia,"Magnolia, Colorado",,,,,,,,,,,,,,,,,,
JHFN2-35-E,'2012-03-15,HumanObservation,UCM,HendersonNotes,"http://en.wikisource.org/wiki/Page:Field_Notes_of_Junius_Henderson,_Notebook_2.pdf/35?oldid=3614640",http://en.wikisource.org/wiki/Field_Notes_of_Junius_Henderson,,,willows,Salix,"'Aug. 22, 1907","Junius Henderson",'1907-08-22,,,,,"United States of America",US,,,,Magnolia,"Magnolia, Colorado",,,,,,,,,,,,,,,,,,
JHFN2-35-F,'2012-03-15,HumanObservation,UCM,HendersonNotes,"http://en.wikisource.org/wiki/Page:Field_Notes_of_Junius_Henderson,_Notebook_2.pdf/35?oldid=3614640",http://en.wikisource.org/wiki/Field_Notes_of_Junius_Henderson,,,"Pyramidula cronkhitei anthonyi","Pyramidula cronkhitei anthonyi","'Aug. 22, 1907","Junius Henderson",'1907-08-22,,,,,"United States of America",US,,,,Magnolia,"Magnolia, Colorado",,,,,,,,,,,,,,,,,,
JHFN2-35-G,'2012-03-15,HumanObservation,UCM,HendersonNotes,"http://en.wikisource.org/wiki/Page:Field_Notes_of_Junius_Henderson,_Notebook_2.pdf/35?oldid=3614640",http://en.wikisource.org/wiki/Field_Notes_of_Junius_Henderson,,,"Vallonia cyclophorella","Vallonia cyclophorella","'Aug. 22, 1907","Junius Henderson",'1907-08-22,,,,,"United States of America",US,,,,Magnolia,"Magnolia, Colorado",,,,,,,,,,,,,,,,,,
JHFN2-35-H,'2012-03-15,HumanObservation,UCM,HendersonNotes,"http://en.wikisource.org/wiki/Page:Field_Notes_of_Junius_Henderson,_Notebook_2.pdf/35?oldid=3614640",http://en.wikisource.org/wiki/Field_Notes_of_Junius_Henderson,,,"Succinea cf. avara",Succinea,"'Aug. 22, 1907","Junius Henderson",'1907-08-22,,,,,"United States of America",US,,,,Magnolia,"Magnolia, Colorado",,,,,,,,,,,,,,,,,,
JHFN2-35-I,'2012-03-15,HumanObservation,UCM,HendersonNotes,"http://en.wikisource.org/wiki/Page:Field_Notes_of_Junius_Henderson,_Notebook_2.pdf/35?oldid=3614640",http://en.wikisource.org/wiki/Field_Notes_of_Junius_Henderson,,,"Vitrina alaskana","Vitrina alaskana","'Aug. 22, 1907","Junius Henderson",'1907-08-22,,,,,"United States of America",US,,,,Magnolia,"Magnolia, Colorado",,,,,,,,,,,,,,,,,,
JHFN2-35-J,'2012-03-15,HumanObservation,UCM,HendersonNotes,"http://en.wikisource.org/wiki/Page:Field_Notes_of_Junius_Henderson,_Notebook_2.pdf/35?oldid=3614640",http://en.wikisource.org/wiki/Field_Notes_of_Junius_Henderson,,,"Zonitoides arboreus","Zonitoides arboreus","'Aug. 22, 1907","Junius Henderson",'1907-08-22,,,,,"United States of America",US,,,,Magnolia,"Magnolia, Colorado",,,,,,,,,,,,,,,,,,
JHFN2-36-A,'2012-03-15,HumanObservation,UCM,HendersonNotes,"http://en.wikisource.org/wiki/Page:Field_Notes_of_Junius_Henderson,_Notebook_2.pdf/36?oldid=3614641",http://en.wikisource.org/wiki/Field_Notes_of_Junius_Henderson,,,"Euconulus trochiformis","Euconulus trochiformis","'Aug. 22, 1907","Junius Henderson",'1907-08-22,,,,,"United States of America",US,,,,Magnolia,"Magnolia, Colorado",,,,,,,,,,,,,,,,,,
JHFN2-36-B,'2012-03-15,HumanObservation,UCM,HendersonNotes,"http://en.wikisource.org/wiki/Page:Field_Notes_of_Junius_Henderson,_Notebook_2.pdf/36?oldid=3614641",http://en.wikisource.org/wiki/Field_Notes_of_Junius_Henderson,,,"Cochlicopa  lubrica","Cochlicopa  lubrica","'Aug. 22, 1907","Junius Henderson",'1907-08-22,,,,,"United States of America",US,,,,Magnolia,"Magnolia, Colorado",,,,,,,,,,,,,,,,,,
JHFN2-36-C,'2012-03-15,HumanObservation,UCM,HendersonNotes,"http://en.wikisource.org/wiki/Page:Field_Notes_of_Junius_Henderson,_Notebook_2.pdf/36?oldid=3614641",http://en.wikisource.org/wiki/Field_Notes_of_Junius_Henderson,,,Pupilla,Pupilla,"'Aug. 22, 1907","Junius Henderson",'1907-08-22,,,,,"United States of America",US,,,,Magnolia,"Magnolia, Colorado",,,,,,,,,,,,,,,,,,
JHFN2-36-D,'2012-03-15,HumanObservation,UCM,HendersonNotes,"http://en.wikisource.org/wiki/Page:Field_Notes_of_Junius_Henderson,_Notebook_2.pdf/36?oldid=3614641",http://en.wikisource.org/wiki/Field_Notes_of_Junius_Henderson,,,"Bifidaria sp.",Bifidaria,"'Aug. 22, 1907","Junius Henderson",'1907-08-22,,,,,"United States of America",US,,,,Magnolia,"Magnolia, Colorado",,,,,,,,,,,,,,,,,,
JHFN2-36-E,'2012-03-15,HumanObservation,UCM,HendersonNotes,"http://en.wikisource.org/wiki/Page:Field_Notes_of_Junius_Henderson,_Notebook_2.pdf/36?oldid=3614641",http://en.wikisource.org/wiki/Field_Notes_of_Junius_Henderson,,,aspens,Populus,"'Aug 24, 1907","Junius Henderson",'1907-08-24,,,,,"United States of America",US,,,,"Kossler ranch","Kossler Ranch, Colorado",,,,,,,,,,,,,,,,,,
JHFN2-36-F,'2012-03-15,HumanObservation,UCM,HendersonNotes,"http://en.wikisource.org/wiki/Page:Field_Notes_of_Junius_Henderson,_Notebook_2.pdf/36?oldid=3614641",http://en.wikisource.org/wiki/Field_Notes_of_Junius_Henderson,,,"Vallonia cyclophorella","Vallonia cyclophorella","'Aug 24, 1907","Junius Henderson",'1907-08-24,,,,,"United States of America",US,,,,"Kossler ranch","Kossler Ranch, Colorado",,,,,,,,,,,,,,,,,,
JHFN2-36-G,'2012-03-15,HumanObservation,UCM,HendersonNotes,"http://en.wikisource.org/wiki/Page:Field_Notes_of_Junius_Henderson,_Notebook_2.pdf/36?oldid=3614641",http://en.wikisource.org/wiki/Field_Notes_of_Junius_Henderson,,,"Vitrina alascana (sic)","Vitrina alaskana","'Aug 24, 1907","Junius Henderson",'1907-08-24,,,,,"United States of America",US,,,,"Kossler ranch","Kossler Ranch, Colorado",,,,,,,,,,,,,,,,,,
JHFN2-36-H,'2012-03-15,HumanObservation,UCM,HendersonNotes,"http://en.wikisource.org/wiki/Page:Field_Notes_of_Junius_Henderson,_Notebook_2.pdf/36?oldid=3614641",http://en.wikisource.org/wiki/Field_Notes_of_Junius_Henderson,,,"Succinea cf avara",Succinea,"'Aug 24, 1907","Junius Henderson",'1907-08-24,,,,,"United States of America",US,,,,"Kossler ranch","Kossler Ranch, Colorado",,,,,,,,,,,,,,,,,,
JHFN2-36-I,'2012-03-15,HumanObservation,UCM,HendersonNotes,"http://en.wikisource.org/wiki/Page:Field_Notes_of_Junius_Henderson,_Notebook_2.pdf/36?oldid=3614641",http://en.wikisource.org/wiki/Field_Notes_of_Junius_Henderson,,,"Zonitoides arboreus","Zonitoides arboreus","'Aug 24, 1907","Junius Henderson",'1907-08-24,,,,,"United States of America",US,,,,"Kossler ranch","Kossler Ranch, Colorado",,,,,,,,,,,,,,,,,,
JHFN2-36-J,'2012-03-15,HumanObservation,UCM,HendersonNotes,"http://en.wikisource.org/wiki/Page:Field_Notes_of_Junius_Henderson,_Notebook_2.pdf/36?oldid=3614641",http://en.wikisource.org/wiki/Field_Notes_of_Junius_Henderson,,,"Pupilla sp.",Pupilla,"'Aug 24, 1907","Junius Henderson",'1907-08-24,,,,,"United States of America",US,,,,"Kossler ranch","Kossler Ranch, Colorado",,,,,,,,,,,,,,,,,,
JHFN2-36-K,'2012-03-15,HumanObservation,UCM,HendersonNotes,"http://en.wikisource.org/wiki/Page:Field_Notes_of_Junius_Henderson,_Notebook_2.pdf/36?oldid=3614641",http://en.wikisource.org/wiki/Field_Notes_of_Junius_Henderson,,,"Euconulus trochiformis","Euconulus trochiformis","'Aug 24, 1907","Junius Henderson",'1907-08-24,,,,,"United States of America",US,,,,"Kossler ranch","Kossler Ranch, Colorado",,,,,,,,,,,,,,,,,,
JHFN2-36-L,'2012-03-15,HumanObservation,UCM,HendersonNotes,"http://en.wikisource.org/wiki/Page:Field_Notes_of_Junius_Henderson,_Notebook_2.pdf/36?oldid=3614641",http://en.wikisource.org/wiki/Field_Notes_of_Junius_Henderson,,,"Pinus scopulorum","Pinus scopulorum","'Aug 24, 1907","Junius Henderson",'1907-08-24,,,,,"United States of America",US,,,,"Kossler ranch","Kossler Ranch, Colorado",,,,,,,,,,,,,,,,,,
JHFN2-36-M,'2012-03-15,HumanObservation,UCM,HendersonNotes,"http://en.wikisource.org/wiki/Page:Field_Notes_of_Junius_Henderson,_Notebook_2.pdf/36?oldid=3614641",http://en.wikisource.org/wiki/Field_Notes_of_Junius_Henderson,,,"Z. arboreus","Zonitoides arboreus","'Aug 24, 1907","Junius Henderson",'1907-08-24,,,,,"United States of America",US,,,,"Kossler ranch","Kossler Ranch, Colorado",,,,,,,,,,,,,,,,,,
JHFN2-36-N,'2012-03-15,HumanObservation,UCM,HendersonNotes,"http://en.wikisource.org/wiki/Page:Field_Notes_of_Junius_Henderson,_Notebook_2.pdf/36?oldid=3614641",http://en.wikisource.org/wiki/Field_Notes_of_Junius_Henderson,,,"Vallonia cyclophorella","Vallonia cyclophorella","'Aug 24, 1907","Junius Henderson",'1907-08-24,,,,,"United States of America",US,,,,"Kossler ranch","Kossler Ranch, Colorado",,,,,,,,,,,,,,,,,,
JHFN2-37-A,'2012-03-15,HumanObservation,UCM,HendersonNotes,"http://en.wikisource.org/wiki/Page:Field_Notes_of_Junius_Henderson,_Notebook_2.pdf/37?oldid=3607711",http://en.wikisource.org/wiki/Field_Notes_of_Junius_Henderson,,,"Agriolimax campestris","Agriolimax campestris","'Aug 24, 1907","Junius Henderson",'1907-08-24,,,,,"United States of America",US,,,,"Longridge Mill","Longridge Mill, Colorado",,,,,,,,,,,,,,,,,,
JHFN2-37-B,'2012-03-15,HumanObservation,UCM,HendersonNotes,"http://en.wikisource.org/wiki/Page:Field_Notes_of_Junius_Henderson,_Notebook_2.pdf/37?oldid=3607711",http://en.wikisource.org/wiki/Field_Notes_of_Junius_Henderson,,,Pyramidula,Pyramidula,"'Aug 24, 1907","Junius Henderson",'1907-08-24,,,,,"United States of America",US,,,,"Longridge Mill","Longridge Mill, Colorado",,,,,,,,,,,,,,,,,,
JHFN2-37-C,'2012-03-15,HumanObservation,UCM,HendersonNotes,"http://en.wikisource.org/wiki/Page:Field_Notes_of_Junius_Henderson,_Notebook_2.pdf/37?oldid=3607711",http://en.wikisource.org/wiki/Field_Notes_of_Junius_Henderson,,,nighthawks,"Chordeiles minor","'Aug 24, 1907","Junius Henderson",'1907-08-24,,,,,"United States of America",US,,,,Magnolia,"Magnolia, Colorado",,,,,,,,,,,,,,,,,,
JHFN2-37-D,'2012-03-15,HumanObservation,UCM,HendersonNotes,"http://en.wikisource.org/wiki/Page:Field_Notes_of_Junius_Henderson,_Notebook_2.pdf/37?oldid=3607711",http://en.wikisource.org/wiki/Field_Notes_of_Junius_Henderson,,,"piñon jays","Gymnorhinus cyanocephalus","'Aug 24, 1907","Junius Henderson",'1907-08-24,,,,,"United States of America",US,,,,"Kossler ranch","Kossler Ranch",,,,,,,,,,,,,,,,,,
JHFN2-44-A,'2012-03-15,HumanObservation,UCM,HendersonNotes,"http://en.wikisource.org/wiki/Page:Field_Notes_of_Junius_Henderson,_Notebook_2.pdf/44?oldid=3607737",http://en.wikisource.org/wiki/Field_Notes_of_Junius_Henderson,,,meadowlarks,Sturnella,"'Oct. 3, 1907","Junius Henderson",'1907-10-03,,,,,"United States of America",US,,,,"cache La Poudre Canyon","Cache la Poudre Canyon",,,,,,,,,,,,,,,,,,
JHFN2-44-B,'2012-03-15,HumanObservation,UCM,HendersonNotes,"http://en.wikisource.org/wiki/Page:Field_Notes_of_Junius_Henderson,_Notebook_2.pdf/44?oldid=3607737",http://en.wikisource.org/wiki/Field_Notes_of_Junius_Henderson,,,bluebirds,Sialia,"'Oct. 3, 1907","Junius Henderson",'1907-10-03,,,,,"United States of America",US,,,,"cache La Poudre Canyon","Cache la Poudre Canyon",,,,,,,,,,,,,,,,,,
JHFN2-44-C,'2012-03-15,HumanObservation,UCM,HendersonNotes,"http://en.wikisource.org/wiki/Page:Field_Notes_of_Junius_Henderson,_Notebook_2.pdf/44?oldid=3607737",http://en.wikisource.org/wiki/Field_Notes_of_Junius_Henderson,,,"sparrow hawks",Accipiter,"'Oct. 3, 1907","Junius Henderson",'1907-10-03,,,,,"United States of America",US,,,,"cache La Poudre Canyon","Cache la Poudre Canyon",,,,,,,,,,,,,,,,,,
JHFN2-44-D,'2012-03-15,HumanObservation,UCM,HendersonNotes,"http://en.wikisource.org/wiki/Page:Field_Notes_of_Junius_Henderson,_Notebook_2.pdf/44?oldid=3607737",http://en.wikisource.org/wiki/Field_Notes_of_Junius_Henderson,,,Ostreidae,Ostreidae,"'Oct. 3, 1907","Junius Henderson",'1907-10-03,,,,,"United States of America",US,,,,"Owl canyon","Owl Canyon, Colorado",,,,,,,,,,,,,,,,,,
JHFN2-47-A,'2012-03-15,HumanObservation,UCM,HendersonNotes,"http://en.wikisource.org/wiki/Page:Field_Notes_of_Junius_Henderson,_Notebook_2.pdf/47?oldid=3614649",http://en.wikisource.org/wiki/Field_Notes_of_Junius_Henderson,,,crows,Corvus,"'Oct. 4, 1907","Junius Henderson",'1907-10-04,,,,,"United States of America",US,,,,Boulder,"Boulder, Colorado",,,,,,,,,,,,,,,,,,
JHFN2-48-A,'2012-03-15,HumanObservation,UCM,HendersonNotes,"http://en.wikisource.org/wiki/Page:Field_Notes_of_Junius_Henderson,_Notebook_2.pdf/48?oldid=3607777",http://en.wikisource.org/wiki/Field_Notes_of_Junius_Henderson,,,"tree sparrows","Spizella arborea","'Oct. 5","Junius Henderson",'1907-10-05,,,,,"United States of America",US,,,,"Cache a la Poudre","Cache la Poudre River",,,,,,,,,,,,,,,,,,
JHFN2-48-B,'2012-03-15,HumanObservation,UCM,HendersonNotes,"http://en.wikisource.org/wiki/Page:Field_Notes_of_Junius_Henderson,_Notebook_2.pdf/48?oldid=3607777",http://en.wikisource.org/wiki/Field_Notes_of_Junius_Henderson,,,chickadees,Poecile,"'Oct. 5","Junius Henderson",'1907-10-05,,,,,"United States of America",US,,,,"Cache a la Poudre","Cache la Poudre River",,,,,,,,,,,,,,,,,,
JHFN2-48-C,'2012-03-15,HumanObservation,UCM,HendersonNotes,"http://en.wikisource.org/wiki/Page:Field_Notes_of_Junius_Henderson,_Notebook_2.pdf/48?oldid=3607777",http://en.wikisource.org/wiki/Field_Notes_of_Junius_Henderson,,,killdeer,"Charadrius vociferus","'Oct. 5","Junius Henderson",'1907-10-05,,,,,"United States of America",US,,,,"Cache a la Poudre","Cache la Poudre River",,,,,,,,,,,,,,,,,,
JHFN2-48-D,'2012-03-15,HumanObservation,UCM,HendersonNotes,"http://en.wikisource.org/wiki/Page:Field_Notes_of_Junius_Henderson,_Notebook_2.pdf/48?oldid=3607777",http://en.wikisource.org/wiki/Field_Notes_of_Junius_Henderson,,,Meadowlarks,Sturnella,"'Oct. 5","Junius Henderson",'1907-10-05,,,,,"United States of America",US,,,,"Cache a la Poudre","Cache la Poudre River",,,,,,,,,,,,,,,,,,
JHFN2-52-A,'2012-03-15,HumanObservation,UCM,HendersonNotes,"http://en.wikisource.org/wiki/Page:Field_Notes_of_Junius_Henderson,_Notebook_2.pdf/52?oldid=3607946",http://en.wikisource.org/wiki/Field_Notes_of_Junius_Henderson,,,"Inoceramus oblongus","Inoceramus oblongus","'Oct. 8, 1907","Junius Henderson",'1907-10-08,,,,,"United States of America",US,,,,"Rocky Ridge Reservoir No. 1","Rocky Ridge Reservoir No. 1",,,,,,,,,,,,,,,,,,
JHFN2-52-B,'2012-03-15,HumanObservation,UCM,HendersonNotes,"http://en.wikisource.org/wiki/Page:Field_Notes_of_Junius_Henderson,_Notebook_2.pdf/52?oldid=3607946",http://en.wikisource.org/wiki/Field_Notes_of_Junius_Henderson,,,Inoceramus,Inoceramus,"'Oct. 8, 1907","Junius Henderson",'1907-10-08,,,,,"United States of America",US,,,,"Rocky Ridge Reservoir No. 1","Rocky Ridge Reservoir No. 1",,,,,,,,,,,,,,,,,,
JHFN2-52-C,'2012-03-15,HumanObservation,UCM,HendersonNotes,"http://en.wikisource.org/wiki/Page:Field_Notes_of_Junius_Henderson,_Notebook_2.pdf/52?oldid=3607946",http://en.wikisource.org/wiki/Field_Notes_of_Junius_Henderson,,,"Pinna lakesii","Pinna lakesii","'Oct. 8, 1907","Junius Henderson",'1907-10-08,,,,,"United States of America",US,,,,"Rocky Ridge Reservoir No. 1","Rocky Ridge Reservoir No. 1",,,,,,,,,,,,,,,,,,
JHFN2-52-D,'2012-03-15,HumanObservation,UCM,HendersonNotes,"http://en.wikisource.org/wiki/Page:Field_Notes_of_Junius_Henderson,_Notebook_2.pdf/52?oldid=3607946",http://en.wikisource.org/wiki/Field_Notes_of_Junius_Henderson,,,"Baculites compressus","Baculites compressus","'Oct. 8, 1907","Junius Henderson",'1907-10-08,,,,,"United States of America",US,,,,"Rocky Ridge Reservoir No. 1","Rocky Ridge Reservoir No. 1",,,,,,,,,,,,,,,,,,
JHFN2-52-E,'2012-03-15,HumanObservation,UCM,HendersonNotes,"http://en.wikisource.org/wiki/Page:Field_Notes_of_Junius_Henderson,_Notebook_2.pdf/52?oldid=3607946",http://en.wikisource.org/wiki/Field_Notes_of_Junius_Henderson,,,Callista,Callista,"'Oct. 8, 1907","Junius Henderson",'1907-10-08,,,,,"United States of America",US,,,,"Rocky Ridge Reservoir No. 1","Rocky Ridge Reservoir No. 1",,,,,,,,,,,,,,,,,,
JHFN2-52-F,'2012-03-15,HumanObservation,UCM,HendersonNotes,"http://en.wikisource.org/wiki/Page:Field_Notes_of_Junius_Henderson,_Notebook_2.pdf/52?oldid=3607946",http://en.wikisource.org/wiki/Field_Notes_of_Junius_Henderson,,,"Scaphites nodosus","Scaphites nodosus","'Oct. 8, 1907","Junius Henderson",'1907-10-08,,,,,"United States of America",US,,,,"Rocky Ridge Reservoir No. 1","Rocky Ridge Reservoir No. 1",,,,,,,,,,,,,,,,,,
JHFN2-52-G,'2012-03-15,HumanObservation,UCM,HendersonNotes,"http://en.wikisource.org/wiki/Page:Field_Notes_of_Junius_Henderson,_Notebook_2.pdf/52?oldid=3607946",http://en.wikisource.org/wiki/Field_Notes_of_Junius_Henderson,,,"Ostrea cf. O. inornata",Ostrea,"'Oct. 8, 1907","Junius Henderson",'1907-10-08,,,,,"United States of America",US,,,,"Rocky Ridge Reservoir No. 1","Rocky Ridge Reservoir No. 1",,,,,,,,,,,,,,,,,,
JHFN2-52-H,'2012-03-15,HumanObservation,UCM,HendersonNotes,"http://en.wikisource.org/wiki/Page:Field_Notes_of_Junius_Henderson,_Notebook_2.pdf/52?oldid=3607946",http://en.wikisource.org/wiki/Field_Notes_of_Junius_Henderson,,,"Anomia raetiformis","Anomia raetiformis","'Oct. 8, 1907","Junius Henderson",'1907-10-08,,,,,"United States of America",US,,,,"Rocky Ridge Reservoir No. 1","Rocky Ridge Reservoir No. 1",,,,,,,,,,,,,,,,,,
JHFN2-53-A,'2012-03-15,HumanObservation,UCM,HendersonNotes,"http://en.wikisource.org/wiki/Page:Field_Notes_of_Junius_Henderson,_Notebook_2.pdf/53?oldid=3614655",http://en.wikisource.org/wiki/Field_Notes_of_Junius_Henderson,,,"Halymenites major","Halymenites major","'Oct. 8, 1907","Junius Henderson",'1907-10-08,,,,,"United States of America",US,,,,"Rocky Ridge Reservoir No. 1","Rocky Ridge Reservoir No. 1",,,,,,,,,,,,,,,,,,
JHFN2-53-B,'2012-03-15,HumanObservation,UCM,HendersonNotes,"http://en.wikisource.org/wiki/Page:Field_Notes_of_Junius_Henderson,_Notebook_2.pdf/53?oldid=3614655",http://en.wikisource.org/wiki/Field_Notes_of_Junius_Henderson,,,Placenticeras,Placenticeras,"'Oct. 8, 1907","Junius Henderson",'1907-10-08,,,,,"United States of America",US,,,,"Rocky Ridge Reservoir No. 1","Rocky Ridge Reservoir No. 1",,,,,,,,,,,,,,,,,,
JHFN2-54-A,'2012-03-15,HumanObservation,UCM,HendersonNotes,"http://en.wikisource.org/wiki/Page:Field_Notes_of_Junius_Henderson,_Notebook_2.pdf/54?oldid=3607949",http://en.wikisource.org/wiki/Field_Notes_of_Junius_Henderson,,,"I. deformis","Inoceramus deformis","'Oct. 9, 1907","Junius Henderson",'1907-10-09,,,,,"United States of America",US,,,,"La Porte","La Porte, Colorado",,,,,,,,,,,,,,,,,,
JHFN2-54-B,'2012-03-15,HumanObservation,UCM,HendersonNotes,"http://en.wikisource.org/wiki/Page:Field_Notes_of_Junius_Henderson,_Notebook_2.pdf/54?oldid=3607949",http://en.wikisource.org/wiki/Field_Notes_of_Junius_Henderson,,,"O. congesta","Ostrea congesta","'Oct. 9, 1907","Junius Henderson",'1907-10-09,,,,,"United States of America",US,,,,"La Porte","La Porte, Colorado",,,,,,,,,,,,,,,,,,
JHFN2-54-C,'2012-03-15,HumanObservation,UCM,HendersonNotes,"http://en.wikisource.org/wiki/Page:Field_Notes_of_Junius_Henderson,_Notebook_2.pdf/54?oldid=3607949",http://en.wikisource.org/wiki/Field_Notes_of_Junius_Henderson,,,Ostrea,Ostrea,"'Oct. 9, 1907","Junius Henderson",'1907-10-09,,,,,"United States of America",US,,,,"Owl Canyon","Owl Creek Canyon, Colorado",,,,,,,,,,,,,,,,,,
JHFN2-54-D,'2012-03-15,HumanObservation,UCM,HendersonNotes,"http://en.wikisource.org/wiki/Page:Field_Notes_of_Junius_Henderson,_Notebook_2.pdf/54?oldid=3607949",http://en.wikisource.org/wiki/Field_Notes_of_Junius_Henderson,,,Inoceramus,Inoceramus,"'Oct. 9, 1907","Junius Henderson",'1907-10-09,,,,,"United States of America",US,,,,"Owl Canyon","Owl Creek Canyon, Colorado",,,,,,,,,,,,,,,,,,
JHFN2-55-A,'2012-03-15,HumanObservation,UCM,HendersonNotes,"http://en.wikisource.org/wiki/Page:Field_Notes_of_Junius_Henderson,_Notebook_2.pdf/55?oldid=3607951",http://en.wikisource.org/wiki/Field_Notes_of_Junius_Henderson,,,"I. labiatus","Inoceramus labiatus","'Oct. 9, 1907","Junius Henderson",'1907-10-09,,,,,"United States of America",US,,,,"Owl Canyon","Owl Creek Canyon, Colorado",,,,,,,,,,,,,,,,,,
JHFN2-56-A,'2012-03-15,HumanObservation,UCM,HendersonNotes,"http://en.wikisource.org/wiki/Page:Field_Notes_of_Junius_Henderson,_Notebook_2.pdf/56?oldid=3614656",http://en.wikisource.org/wiki/Field_Notes_of_Junius_Henderson,,,Ostrea,Ostrea,"'Oct 10, 1907","Junius Henderson",'1907-10-10,,,,,"United States of America",US,,,,hotel,"Forks Hotel, Livermore, Colorado",,,,,,,,,,,,,,,,,,
JHFN2-60-A,'2012-03-15,HumanObservation,UCM,HendersonNotes,"http://en.wikisource.org/wiki/Page:Field_Notes_of_Junius_Henderson,_Notebook_2.pdf/60?oldid=3607985",http://en.wikisource.org/wiki/Field_Notes_of_Junius_Henderson,,,Meadowlarks,Sturnella,"'Oct 10, 1907","Junius Henderson",'1907-10-10,,,,,"United States of America",US,,,,hotel,"Forks Hotel, Livermore, Colorado",,,,,,,,,,,,,,,,,,
JHFN2-60-B,'2012-03-15,HumanObservation,UCM,HendersonNotes,"http://en.wikisource.org/wiki/Page:Field_Notes_of_Junius_Henderson,_Notebook_2.pdf/60?oldid=3607985",http://en.wikisource.org/wiki/Field_Notes_of_Junius_Henderson,,,Robins,"Turdus migratorius","'Oct 10, 1907","Junius Henderson",'1907-10-10,,,,,"United States of America",US,,,,Livermore,"Livermore, Colorado",,,,,,,,,,,,,,,,,,
JHFN2-60-C,'2012-03-15,HumanObservation,UCM,HendersonNotes,"http://en.wikisource.org/wiki/Page:Field_Notes_of_Junius_Henderson,_Notebook_2.pdf/60?oldid=3607985",http://en.wikisource.org/wiki/Field_Notes_of_Junius_Henderson,,,"M. migratorius","Turdus migratorius migratorius","'Oct 10, 1907","Junius Henderson",'1907-10-10,,,,,"United States of America",US,,,,Livermore,"Livermore, Colorado",,,,,,,,,,,,,,,,,,
JHFN2-60-D,'2012-03-15,HumanObservation,UCM,HendersonNotes,"http://en.wikisource.org/wiki/Page:Field_Notes_of_Junius_Henderson,_Notebook_2.pdf/60?oldid=3607985",http://en.wikisource.org/wiki/Field_Notes_of_Junius_Henderson,,,"M. m. propinqus","Turdus migratorius propinquus","'Oct 10, 1907","Junius Henderson",'1907-10-10,,,,,"United States of America",US,,,,Livermore,"Livermore, Colorado",,,,,,,,,,,,,,,,,,
JHFN2-61-A,'2012-03-15,HumanObservation,UCM,HendersonNotes,"http://en.wikisource.org/wiki/Page:Field_Notes_of_Junius_Henderson,_Notebook_2.pdf/61?oldid=3607989",http://en.wikisource.org/wiki/Field_Notes_of_Junius_Henderson,,,"Mt. Bluebird","Sialia currucoides","'Oct 10, 1907","Junius Henderson",'1907-10-10,,,,,"United States of America",US,,,,Livermore,"Livermore, Colorado",,,,,,,,,,,,,,,,,,
JHFN2-61-B,'2012-03-15,HumanObservation,UCM,HendersonNotes,"http://en.wikisource.org/wiki/Page:Field_Notes_of_Junius_Henderson,_Notebook_2.pdf/61?oldid=3607989",http://en.wikisource.org/wiki/Field_Notes_of_Junius_Henderson,,,"Sparrow Hawk",Accipiter,"'Oct 10, 1907","Junius Henderson",'1907-10-10,,,,,"United States of America",US,,,,Livermore,"Livermore, Colorado",,,,,,,,,,,,,,,,,,
JHFN2-61-C,'2012-03-15,HumanObservation,UCM,HendersonNotes,"http://en.wikisource.org/wiki/Page:Field_Notes_of_Junius_Henderson,_Notebook_2.pdf/61?oldid=3607989",http://en.wikisource.org/wiki/Field_Notes_of_Junius_Henderson,,,"Marsh Hawk","Circus cyaneus","'Oct 10, 1907","Junius Henderson",'1907-10-10,,,,,"United States of America",US,,,,Livermore,"Livermore, Colorado",,,,,,,,,,,,,,,,,,
JHFN2-61-D,'2012-03-15,HumanObservation,UCM,HendersonNotes,"http://en.wikisource.org/wiki/Page:Field_Notes_of_Junius_Henderson,_Notebook_2.pdf/61?oldid=3607989",http://en.wikisource.org/wiki/Field_Notes_of_Junius_Henderson,,,"Red Winged Blackbird","Agelaius phoeniceus","'Oct 10, 1907","Junius Henderson",'1907-10-10,,,,,"United States of America",US,,,,Livermore,"Livermore, Colorado",,,,,,,,,,,,,,,,,,
JHFN2-61-E,'2012-03-15,HumanObservation,UCM,HendersonNotes,"http://en.wikisource.org/wiki/Page:Field_Notes_of_Junius_Henderson,_Notebook_2.pdf/61?oldid=3607989",http://en.wikisource.org/wiki/Field_Notes_of_Junius_Henderson,,,"Brewer blackbird","Euphagus cyanocephalus","'Oct 10, 1907","Junius Henderson",'1907-10-10,,,,,"United States of America",US,,,,Livermore,"Livermore, Colorado",,,,,,,,,,,,,,,,,,
JHFN2-61-F,'2012-03-15,HumanObservation,UCM,HendersonNotes,"http://en.wikisource.org/wiki/Page:Field_Notes_of_Junius_Henderson,_Notebook_2.pdf/61?oldid=3607989",http://en.wikisource.org/wiki/Field_Notes_of_Junius_Henderson,,,"Vesper sparrow","Pooecetes gramineus","'Oct 10, 1907","Junius Henderson",'1907-10-10,,,,,"United States of America",US,,,,Livermore,"Livermore, Colorado",,,,,,,,,,,,,,,,,,
JHFN2-61-G,'2012-03-15,HumanObservation,UCM,HendersonNotes,"http://en.wikisource.org/wiki/Page:Field_Notes_of_Junius_Henderson,_Notebook_2.pdf/61?oldid=3607989",http://en.wikisource.org/wiki/Field_Notes_of_Junius_Henderson,,,"Shore larks","Eremophila alpestris","'Oct 10, 1907","Junius Henderson",'1907-10-10,,,,,"United States of America",US,,,,Livermore,"Livermore, Colorado",,,,,,,,,,,,,,,,,,
JHFN2-61-H,'2012-03-15,HumanObservation,UCM,HendersonNotes,"http://en.wikisource.org/wiki/Page:Field_Notes_of_Junius_Henderson,_Notebook_2.pdf/61?oldid=3607989",http://en.wikisource.org/wiki/Field_Notes_of_Junius_Henderson,,,"Gulls- probably ring billed","Larus delawarensis","'Oct 10, 1907","Junius Henderson",'1907-10-10,,,,,"United States of America",US,,,,Livermore,"Livermore, Colorado",,,,,,,,,,,,,,,,,,
JHFN2-61-I,'2012-03-15,HumanObservation,UCM,HendersonNotes,"http://en.wikisource.org/wiki/Page:Field_Notes_of_Junius_Henderson,_Notebook_2.pdf/61?oldid=3607989",http://en.wikisource.org/wiki/Field_Notes_of_Junius_Henderson,,,"Great Blue Heron","Ardea herodias","'Oct 10, 1907","Junius Henderson",'1907-10-10,,,,,"United States of America",US,,,,"Rocky Ridge Reservoir","Rocky Ridge Reservoir",,,,,,,,,,,,,,,,,,
JHFN2-61-J,'2012-03-15,HumanObservation,UCM,HendersonNotes,"http://en.wikisource.org/wiki/Page:Field_Notes_of_Junius_Henderson,_Notebook_2.pdf/61?oldid=3607989",http://en.wikisource.org/wiki/Field_Notes_of_Junius_Henderson,,,"House finches","Carpodacus mexicanus","'Oct 10, 1907","Junius Henderson",'1907-10-10,,,,,"United States of America",US,,,,"Rocky Ridge Reservoir","Rocky Ridge Reservoir",,,,,,,,,,,,,,,,,,
JHFN2-61-K,'2012-03-15,HumanObservation,UCM,HendersonNotes,"http://en.wikisource.org/wiki/Page:Field_Notes_of_Junius_Henderson,_Notebook_2.pdf/61?oldid=3607989",http://en.wikisource.org/wiki/Field_Notes_of_Junius_Henderson,,,"English sparrow","Passer domesticus","'Oct 10, 1907","Junius Henderson",'1907-10-10,,,,,"United States of America",US,,,,"Rocky Ridge Reservoir","Rocky Ridge Reservoir",,,,,,,,,,,,,,,,,,
JHFN2-61-L,'2012-03-15,HumanObservation,UCM,HendersonNotes,"http://en.wikisource.org/wiki/Page:Field_Notes_of_Junius_Henderson,_Notebook_2.pdf/61?oldid=3607989",http://en.wikisource.org/wiki/Field_Notes_of_Junius_Henderson,,,Killdeer,"Charadrius vociferus","'Oct 10, 1907","Junius Henderson",'1907-10-10,,,,,"United States of America",US,,,,"Rocky Ridge Reservoir","Rocky Ridge Reservoir",,,,,,,,,,,,,,,,,,
JHFN2-61-M,'2012-03-15,HumanObservation,UCM,HendersonNotes,"http://en.wikisource.org/wiki/Page:Field_Notes_of_Junius_Henderson,_Notebook_2.pdf/61?oldid=3607989",http://en.wikisource.org/wiki/Field_Notes_of_Junius_Henderson,,,"Mourning Dove","Zenaida macroura","'Oct 10, 1907","Junius Henderson",'1907-10-10,,,,,"United States of America",US,,,,"Rocky Ridge Reservoir","Rocky Ridge Reservoir",,,,,,,,,,,,,,,,,,
JHFN2-65-A,'2012-03-15,HumanObservation,UCM,HendersonNotes,"http://en.wikisource.org/wiki/Page:Field_Notes_of_Junius_Henderson,_Notebook_2.pdf/65?oldid=3614840",http://en.wikisource.org/wiki/Field_Notes_of_Junius_Henderson,,,Crows,Corvus,"'Oct 11, 1907","Junius Henderson",'1907-10-11,,,,,"United States of America",US,,,,"Ft. Collins","Ft. Collins, Colorado",,,,,,,,,,,,,,,,,,
JHFN2-65-B,'2012-03-15,HumanObservation,UCM,HendersonNotes,"http://en.wikisource.org/wiki/Page:Field_Notes_of_Junius_Henderson,_Notebook_2.pdf/65?oldid=3614840",http://en.wikisource.org/wiki/Field_Notes_of_Junius_Henderson,,,"Long crested jay","Cyanocitta stelleri","'Oct 11, 1907","Junius Henderson",'1907-10-11,,,,,"United States of America",US,,,,"Ft. Collins","Ft. Collins, Colorado",,,,,,,,,,,,,,,,,,
JHFN2-65-C,'2012-03-15,HumanObservation,UCM,HendersonNotes,"http://en.wikisource.org/wiki/Page:Field_Notes_of_Junius_Henderson,_Notebook_2.pdf/65?oldid=3614840",http://en.wikisource.org/wiki/Field_Notes_of_Junius_Henderson,,,Magpie,Magpie,"'Oct 11, 1907","Junius Henderson",'1907-10-11,,,,,"United States of America",US,,,,"Ft. Collins","Ft. Collins, Colorado",,,,,,,,,,,,,,,,,,
JHFN2-65-D,'2012-03-15,HumanObservation,UCM,HendersonNotes,"http://en.wikisource.org/wiki/Page:Field_Notes_of_Junius_Henderson,_Notebook_2.pdf/65?oldid=3614840",http://en.wikisource.org/wiki/Field_Notes_of_Junius_Henderson,,,Towhees,Towhees,"'Oct 11, 1907","Junius Henderson",'1907-10-11,,,,,"United States of America",US,,,,"Ft. Collins","Ft. Collins, Colorado",,,,,,,,,,,,,,,,,,
JHFN2-65-E,'2012-03-15,HumanObservation,UCM,HendersonNotes,"http://en.wikisource.org/wiki/Page:Field_Notes_of_Junius_Henderson,_Notebook_2.pdf/65?oldid=3614840",http://en.wikisource.org/wiki/Field_Notes_of_Junius_Henderson,,,"Swainson’s","Buteo swainsonii","'Oct 11, 1907","Junius Henderson",'1907-10-11,,,,,"United States of America",US,,,,"Ft. Collins","Ft. Collins, Colorado",,,,,,,,,,,,,,,,,,
JHFN2-65-F,'2012-03-15,HumanObservation,UCM,HendersonNotes,"http://en.wikisource.org/wiki/Page:Field_Notes_of_Junius_Henderson,_Notebook_2.pdf/65?oldid=3614840",http://en.wikisource.org/wiki/Field_Notes_of_Junius_Henderson,,,"red tailed (western)","Buteo jamaicensis","'Oct 11, 1907","Junius Henderson",'1907-10-11,,,,,"United States of America",US,,,,"Ft. Collins","Ft. Collins, Colorado",,,,,,,,,,,,,,,,,,
JHFN2-65-G,'2012-03-15,HumanObservation,UCM,HendersonNotes,"http://en.wikisource.org/wiki/Page:Field_Notes_of_Junius_Henderson,_Notebook_2.pdf/65?oldid=3614840",http://en.wikisource.org/wiki/Field_Notes_of_Junius_Henderson,,,Flicker,Colaptes,"'Oct 11, 1907","Junius Henderson",'1907-10-11,,,,,"United States of America",US,,,,"Ft. Collins","Ft. Collins, Colorado",,,,,,,,,,,,,,,,,,
JHFN2-68-A,'2012-03-15,HumanObservation,UCM,HendersonNotes,"http://en.wikisource.org/wiki/Page:Field_Notes_of_Junius_Henderson,_Notebook_2.pdf/68?oldid=3614842",http://en.wikisource.org/wiki/Field_Notes_of_Junius_Henderson,,,"Baculites  compressus","Baculites  compressus","'Oct 16, 1907","Junius Henderson",'1907-10-16,,,,,"United States of America",US,,,,"Tepee Buttes","Tepee Buttes",,,,,,,,,,,,,,,,,,
JHFN2-68-B,'2012-03-15,HumanObservation,UCM,HendersonNotes,"http://en.wikisource.org/wiki/Page:Field_Notes_of_Junius_Henderson,_Notebook_2.pdf/68?oldid=3614842",http://en.wikisource.org/wiki/Field_Notes_of_Junius_Henderson,,,"Ostrea inornata","Ostrea inornata","'Oct 16, 1907","Junius Henderson",'1907-10-16,,,,,"United States of America",US,,,,"Tepee Buttes","Tepee Buttes",,,,,,,,,,,,,,,,,,
JHFN2-68-C,'2012-03-15,HumanObservation,UCM,HendersonNotes,"http://en.wikisource.org/wiki/Page:Field_Notes_of_Junius_Henderson,_Notebook_2.pdf/68?oldid=3614842",http://en.wikisource.org/wiki/Field_Notes_of_Junius_Henderson,,,"Lucina occidentalis","Lucina occidentalis","'Oct 16, 1907","Junius Henderson",'1907-10-16,,,,,"United States of America",US,,,,"Tepee Buttes","Tepee Buttes",,,,,,,,,,,,,,,,,,
JHFN2-68-D,'2012-03-15,HumanObservation,UCM,HendersonNotes,"http://en.wikisource.org/wiki/Page:Field_Notes_of_Junius_Henderson,_Notebook_2.pdf/68?oldid=3614842",http://en.wikisource.org/wiki/Field_Notes_of_Junius_Henderson,,,"Inoceramus barabini","Inoceramus barabini","'Oct 16, 1907","Junius Henderson",'1907-10-16,,,,,"United States of America",US,,,,"Tepee Buttes","Tepee Buttes",,,,,,,,,,,,,,,,,,
JHFN2-68-E,'2012-03-15,HumanObservation,UCM,HendersonNotes,"http://en.wikisource.org/wiki/Page:Field_Notes_of_Junius_Henderson,_Notebook_2.pdf/68?oldid=3614842",http://en.wikisource.org/wiki/Field_Notes_of_Junius_Henderson,,,Heteroceras,Heteroceras,"'Oct 16, 1907","Junius Henderson",'1907-10-16,,,,,"United States of America",US,,,,"Tepee Buttes","Tepee Buttes",,,,,,,,,,,,,,,,,,
JHFN2-68-F,'2012-03-15,HumanObservation,UCM,HendersonNotes,"http://en.wikisource.org/wiki/Page:Field_Notes_of_Junius_Henderson,_Notebook_2.pdf/68?oldid=3614842",http://en.wikisource.org/wiki/Field_Notes_of_Junius_Henderson,,,Ptychoceras,Ptychoceras,"'Oct 16, 1907","Junius Henderson",'1907-10-16,,,,,"United States of America",US,,,,"Tepee Buttes","Tepee Buttes",,,,,,,,,,,,,,,,,,
JHFN2-70-A,'2012-03-15,HumanObservation,UCM,HendersonNotes,"http://en.wikisource.org/wiki/Page:Field_Notes_of_Junius_Henderson,_Notebook_2.pdf/70?oldid=3608706",http://en.wikisource.org/wiki/Field_Notes_of_Junius_Henderson,,,bivalves,bivalves,"'Oct 16, 1907","Junius Henderson",'1907-10-16,,,,,"United States of America",US,,,,"Carter Lake","Carter Lake, Colorado",,,,,,,,,,,,,,,,,,
JHFN2-70-B,'2012-03-15,HumanObservation,UCM,HendersonNotes,"http://en.wikisource.org/wiki/Page:Field_Notes_of_Junius_Henderson,_Notebook_2.pdf/70?oldid=3608706",http://en.wikisource.org/wiki/Field_Notes_of_Junius_Henderson,,,"Inoceramus cf. I. labiatus","Inoceramus labiatus","'Oct 16, 1907","Junius Henderson",'1907-10-16,,,,,"United States of America",US,,,,"Carter Lake","Carter Lake, Colorado",,,,,,,,,,,,,,,,,,
JHFN2-70-C,'2012-03-15,HumanObservation,UCM,HendersonNotes,"http://en.wikisource.org/wiki/Page:Field_Notes_of_Junius_Henderson,_Notebook_2.pdf/70?oldid=3608706",http://en.wikisource.org/wiki/Field_Notes_of_Junius_Henderson,,,cephalopods,cephalopods,"'Oct 16, 1907","Junius Henderson",'1907-10-16,,,,,"United States of America",US,,,,"Carter Lake","Carter Lake, Colorado",,,,,,,,,,,,,,,,,,
JHFN2-70-D,'2012-03-15,HumanObservation,UCM,HendersonNotes,"http://en.wikisource.org/wiki/Page:Field_Notes_of_Junius_Henderson,_Notebook_2.pdf/70?oldid=3608706",http://en.wikisource.org/wiki/Field_Notes_of_Junius_Henderson,,,oyster,oyster,"'Oct 16, 1907","Junius Henderson",'1907-10-16,,,,,"United States of America",US,,,,"Carter Lake","Carter Lake, Colorado",,,,,,,,,,,,,,,,,,
JHFN2-70-E,'2012-03-15,HumanObservation,UCM,HendersonNotes,"http://en.wikisource.org/wiki/Page:Field_Notes_of_Junius_Henderson,_Notebook_2.pdf/70?oldid=3608706",http://en.wikisource.org/wiki/Field_Notes_of_Junius_Henderson,,,"I. labiatus","Inoceramus labiatus","'Oct 16, 1907","Junius Henderson",'1907-10-16,,,,,"United States of America",US,,,,"Ft. Collins","Ft. Collins, Colorado",,,,,,,,,,,,,,,,,,
JHFN2-70-F,'2012-03-15,HumanObservation,UCM,HendersonNotes,"http://en.wikisource.org/wiki/Page:Field_Notes_of_Junius_Henderson,_Notebook_2.pdf/70?oldid=3608706",http://en.wikisource.org/wiki/Field_Notes_of_Junius_Henderson,,,cephalopods,cephalopods,"'Oct 16, 1907","Junius Henderson",'1907-10-16,,,,,"United States of America",US,,,,"Ft. Collins","Ft. Collins, Colorado",,,,,,,,,,,,,,,,,,
JHFN2-71-A,'2012-03-15,HumanObservation,UCM,HendersonNotes,"http://en.wikisource.org/wiki/Page:Field_Notes_of_Junius_Henderson,_Notebook_2.pdf/71?oldid=3614843",http://en.wikisource.org/wiki/Field_Notes_of_Junius_Henderson,,,rattlesnake,rattlesnake,"'Oct 17, 1907","Junius Henderson",'1907-10-17,,,,,"United States of America",US,,,,Rabbit,"Rabbit Creek, Colorado",,,,,,,,,,,,,,,,,,
JHFN2-72-A,'2012-03-15,HumanObservation,UCM,HendersonNotes,"http://en.wikisource.org/wiki/Page:Field_Notes_of_Junius_Henderson,_Notebook_2.pdf/72?oldid=3614844",http://en.wikisource.org/wiki/Field_Notes_of_Junius_Henderson,,,"Inoceramus sagensis","Inoceramus sagensis","'Oct 17, 1907","Junius Henderson",'1907-10-17,,,,,"United States of America",US,,,,"Lykins ranch","Lykins Ranch",,,,,,,,,,,,,,,,,,
JHFN2-72-B,'2012-03-15,HumanObservation,UCM,HendersonNotes,"http://en.wikisource.org/wiki/Page:Field_Notes_of_Junius_Henderson,_Notebook_2.pdf/72?oldid=3614844",http://en.wikisource.org/wiki/Field_Notes_of_Junius_Henderson,,,"I. barabini","Inoceramus barabini","'Oct 17, 1907","Junius Henderson",'1907-10-17,,,,,"United States of America",US,,,,"Lykins ranch","Lykins Ranch",,,,,,,,,,,,,,,,,,
JHFN2-72-C,'2012-03-15,HumanObservation,UCM,HendersonNotes,"http://en.wikisource.org/wiki/Page:Field_Notes_of_Junius_Henderson,_Notebook_2.pdf/72?oldid=3614844",http://en.wikisource.org/wiki/Field_Notes_of_Junius_Henderson,,,"Vallonia cyclophorella","Vallonia cyclophorella","'Oct 17, 1907","Junius Henderson",'1907-10-17,,,,,"United States of America",US,,,,"Lykins ranch","Lykins Ranch",,,,,,,,,,,,,,,,,,
JHFN2-72-D,'2012-03-15,HumanObservation,UCM,HendersonNotes,"http://en.wikisource.org/wiki/Page:Field_Notes_of_Junius_Henderson,_Notebook_2.pdf/72?oldid=3614844",http://en.wikisource.org/wiki/Field_Notes_of_Junius_Henderson,,,"Oreohelix strigosa","Oreohelix strigosa","'Oct 17, 1907","Junius Henderson",'1907-10-17,,,,,"United States of America",US,,,,"Lykins ranch","Lykins Ranch",,,,,,,,,,,,,,,,,,
JHFN2-72-E,'2012-03-15,HumanObservation,UCM,HendersonNotes,"http://en.wikisource.org/wiki/Page:Field_Notes_of_Junius_Henderson,_Notebook_2.pdf/72?oldid=3614844",http://en.wikisource.org/wiki/Field_Notes_of_Junius_Henderson,,,"Zonitoides arboreus","Zonitoides arboreus","'Oct 17, 1907","Junius Henderson",'1907-10-17,,,,,"United States of America",US,,,,"Lykins ranch","Lykins Ranch",,,,,,,,,,,,,,,,,,
JHFN2-72-F,'2012-03-15,HumanObservation,UCM,HendersonNotes,"http://en.wikisource.org/wiki/Page:Field_Notes_of_Junius_Henderson,_Notebook_2.pdf/72?oldid=3614844",http://en.wikisource.org/wiki/Field_Notes_of_Junius_Henderson,,,"Pupilla sp.",Pupilla,"'Oct 17, 1907","Junius Henderson",'1907-10-17,,,,,"United States of America",US,,,,"Lykins ranch","Lykins Ranch",,,,,,,,,,,,,,,,,,
JHFN2-73-A,'2012-03-15,HumanObservation,UCM,HendersonNotes,"http://en.wikisource.org/wiki/Page:Field_Notes_of_Junius_Henderson,_Notebook_2.pdf/73?oldid=3614845",http://en.wikisource.org/wiki/Field_Notes_of_Junius_Henderson,,,"Cardium speciosum","Cardium speciosum","'Oct 17, 1907","Junius Henderson",'1907-10-17,,,,,"United States of America",US,,,,"Little Thompson","Little Thompson Creek, Colorado",,,,,,,,,,,,,,,,,,
JHFN2-75-A,'2012-03-15,HumanObservation,UCM,HendersonNotes,"http://en.wikisource.org/wiki/Page:Field_Notes_of_Junius_Henderson,_Notebook_2.pdf/75?oldid=3608744",http://en.wikisource.org/wiki/Field_Notes_of_Junius_Henderson,,,"Inoceramus barabini","Inoceramus barabini","'Oct. 22, 1907","Junius Henderson",'1907-10-22,,,,,"United States of America",US,,,,"Loveland Lake","Loveland Lake, Colorado",,,,,,,,,,,,,,,,,,
JHFN2-75-B,'2012-03-15,HumanObservation,UCM,HendersonNotes,"http://en.wikisource.org/wiki/Page:Field_Notes_of_Junius_Henderson,_Notebook_2.pdf/75?oldid=3608744",http://en.wikisource.org/wiki/Field_Notes_of_Junius_Henderson,,,"I. oblongus","Inoceramus oblongus","'Oct. 22, 1907","Junius Henderson",'1907-10-22,,,,,"United States of America",US,,,,"Loveland Lake","Loveland Lake, Colorado",,,,,,,,,,,,,,,,,,
JHFN2-75-C,'2012-03-15,HumanObservation,UCM,HendersonNotes,"http://en.wikisource.org/wiki/Page:Field_Notes_of_Junius_Henderson,_Notebook_2.pdf/75?oldid=3608744",http://en.wikisource.org/wiki/Field_Notes_of_Junius_Henderson,,,"Anomia rectiformis","Anomia rectiformis","'Oct. 22, 1907","Junius Henderson",'1907-10-22,,,,,"United States of America",US,,,,"Loveland Lake","Loveland Lake, Colorado",,,,,,,,,,,,,,,,,,
JHFN2-75-D,'2012-03-15,HumanObservation,UCM,HendersonNotes,"http://en.wikisource.org/wiki/Page:Field_Notes_of_Junius_Henderson,_Notebook_2.pdf/75?oldid=3608744",http://en.wikisource.org/wiki/Field_Notes_of_Junius_Henderson,,,"Inoceramus oblongus","Inoceramus oblongus","'Oct. 22, 1907","Junius Henderson",'1907-10-22,,,,,"United States of America",US,,,,"Loveland Lake","Loveland Lake, Colorado",,,,,,,,,,,,,,,,,,
JHFN2-75-E,'2012-03-15,HumanObservation,UCM,HendersonNotes,"http://en.wikisource.org/wiki/Page:Field_Notes_of_Junius_Henderson,_Notebook_2.pdf/75?oldid=3608744",http://en.wikisource.org/wiki/Field_Notes_of_Junius_Henderson,,,"Scaphites nodosus","Scaphites nodosus","'Oct. 22, 1907","Junius Henderson",'1907-10-22,,,,,"United States of America",US,,,,"Loveland Lake","Loveland Lake, Colorado",,,,,,,,,,,,,,,,,,
JHFN2-76-A,'2012-03-15,HumanObservation,UCM,HendersonNotes,"http://en.wikisource.org/wiki/Page:Field_Notes_of_Junius_Henderson,_Notebook_2.pdf/76?oldid=3614847",http://en.wikisource.org/wiki/Field_Notes_of_Junius_Henderson,,,"Inoceramus cf. barabini","Inoceramus barabini","'Oct 23, 1907","Junius Henderson",'1907-10-23,,,,,"United States of America",US,,,,"Trilby schoolhouse","Trilby Schoolhouse",,,,,,,,,,,,,,,,,,
JHFN2-76-B,'2012-03-15,HumanObservation,UCM,HendersonNotes,"http://en.wikisource.org/wiki/Page:Field_Notes_of_Junius_Henderson,_Notebook_2.pdf/76?oldid=3614847",http://en.wikisource.org/wiki/Field_Notes_of_Junius_Henderson,,,"I. oblongus","Inoceramus oblongus","'Oct 23, 1907","Junius Henderson",'1907-10-23,,,,,"United States of America",US,,,,"Trilby schoolhouse","Trilby Schoolhouse",,,,,,,,,,,,,,,,,,
JHFN2-77-A,'2012-03-15,HumanObservation,UCM,HendersonNotes,"http://en.wikisource.org/wiki/Page:Field_Notes_of_Junius_Henderson,_Notebook_2.pdf/77?oldid=3614848",http://en.wikisource.org/wiki/Field_Notes_of_Junius_Henderson,,,"Halymenites major","Halymenites major","'Oct 23, 1907","Junius Henderson",'1907-10-23,,,,,"United States of America",US,,,,"Trilby schoolhouse","Trilby Schoolhouse",,,,,,,,,,,,,,,,,,
JHFN2-78-A,'2012-03-15,HumanObservation,UCM,HendersonNotes,"http://en.wikisource.org/wiki/Page:Field_Notes_of_Junius_Henderson,_Notebook_2.pdf/78?oldid=3608767",http://en.wikisource.org/wiki/Field_Notes_of_Junius_Henderson,,,"Halymenites major","Halymenites major","'Oct 24, 1907","Junius Henderson",'1907-10-24,,,,,"United States of America",US,,,,"Douglas Reservoir No. 10","Douglas Reservoir No. 10",,,,,,,,,,,,,,,,,,
JHFN2-78-B,'2012-03-15,HumanObservation,UCM,HendersonNotes,"http://en.wikisource.org/wiki/Page:Field_Notes_of_Junius_Henderson,_Notebook_2.pdf/78?oldid=3608767",http://en.wikisource.org/wiki/Field_Notes_of_Junius_Henderson,,,"Inoceramus barabini","Inoceramus barabini","'Oct 24, 1907","Junius Henderson",'1907-10-24,,,,,"United States of America",US,,,,"Douglas Reservoir No. 10","Douglas Reservoir No. 10",,,,,,,,,,,,,,,,,,
JHFN2-78-C,'2012-03-15,HumanObservation,UCM,HendersonNotes,"http://en.wikisource.org/wiki/Page:Field_Notes_of_Junius_Henderson,_Notebook_2.pdf/78?oldid=3608767",http://en.wikisource.org/wiki/Field_Notes_of_Junius_Henderson,,,"Callista deweyi","Callista deweyi","'Oct 24, 1907","Junius Henderson",'1907-10-24,,,,,"United States of America",US,,,,"Douglas Reservoir No. 10","Douglas Reservoir No. 10",,,,,,,,,,,,,,,,,,
JHFN2-78-D,'2012-03-15,HumanObservation,UCM,HendersonNotes,"http://en.wikisource.org/wiki/Page:Field_Notes_of_Junius_Henderson,_Notebook_2.pdf/78?oldid=3608767",http://en.wikisource.org/wiki/Field_Notes_of_Junius_Henderson,,,"Anomia rectiformis","Anomia rectiformis","'Oct 24, 1907","Junius Henderson",'1907-10-24,,,,,"United States of America",US,,,,"Douglas Reservoir No. 10","Douglas Reservoir No. 10",,,,,,,,,,,,,,,,,,
JHFN2-78-E,'2012-03-15,HumanObservation,UCM,HendersonNotes,"http://en.wikisource.org/wiki/Page:Field_Notes_of_Junius_Henderson,_Notebook_2.pdf/78?oldid=3608767",http://en.wikisource.org/wiki/Field_Notes_of_Junius_Henderson,,,"Cardium speciosum","Cardium speciosum","'Oct 24, 1907","Junius Henderson",'1907-10-24,,,,,"United States of America",US,,,,"Douglas Reservoir No. 10","Douglas Reservoir No. 10",,,,,,,,,,,,,,,,,,
JHFN2-80-A,'2012-03-15,HumanObservation,UCM,HendersonNotes,"http://en.wikisource.org/wiki/Page:Field_Notes_of_Junius_Henderson,_Notebook_2.pdf/80?oldid=3608788",http://en.wikisource.org/wiki/Field_Notes_of_Junius_Henderson,,,Mactra,Mactra,"'Oct. 25, 1907","Junius Henderson",'1907-10-25,,,,,"United States of America",US,,,,Windsor,"Windsor, Colorado",,,,,,,,,,,,,,,,,,
JHFN2-80-B,'2012-03-15,HumanObservation,UCM,HendersonNotes,"http://en.wikisource.org/wiki/Page:Field_Notes_of_Junius_Henderson,_Notebook_2.pdf/80?oldid=3608788",http://en.wikisource.org/wiki/Field_Notes_of_Junius_Henderson,,,gastropods,gastropods,"'Oct. 25, 1907","Junius Henderson",'1907-10-25,,,,,"United States of America",US,,,,Windsor,"Windsor, Colorado",,,,,,,,,,,,,,,,,,
JHFN2-80-C,'2012-03-15,HumanObservation,UCM,HendersonNotes,"http://en.wikisource.org/wiki/Page:Field_Notes_of_Junius_Henderson,_Notebook_2.pdf/80?oldid=3608788",http://en.wikisource.org/wiki/Field_Notes_of_Junius_Henderson,,,"Veniella humilis","Veniella humilis","'Oct. 25, 1907","Junius Henderson",'1907-10-25,,,,,"United States of America",US,,,,Windsor,"Windsor, Colorado",,,,,,,,,,,,,,,,,,
JHFN2-81-A,'2012-03-15,HumanObservation,UCM,HendersonNotes,"http://en.wikisource.org/wiki/Page:Field_Notes_of_Junius_Henderson,_Notebook_2.pdf/81?oldid=3614883",http://en.wikisource.org/wiki/Field_Notes_of_Junius_Henderson,,,"Veniella humilis","Veniella humilis","'Oct. 26, 1907","Junius Henderson",'1907-10-26,,,,,"United States of America",US,,,,Boulder,"Boulder, Colorado",,,,,,,,,,,,,,,,,,
JHFN2-81-B,'2012-03-15,HumanObservation,UCM,HendersonNotes,"http://en.wikisource.org/wiki/Page:Field_Notes_of_Junius_Henderson,_Notebook_2.pdf/81?oldid=3614883",http://en.wikisource.org/wiki/Field_Notes_of_Junius_Henderson,,,"Nucula sp.",Nucula,"'Oct. 26, 1907","Junius Henderson",'1907-10-26,,,,,"United States of America",US,,,,Boulder,"Boulder, Colorado",,,,,,,,,,,,,,,,,,
JHFN2-81-C,'2012-03-15,HumanObservation,UCM,HendersonNotes,"http://en.wikisource.org/wiki/Page:Field_Notes_of_Junius_Henderson,_Notebook_2.pdf/81?oldid=3614883",http://en.wikisource.org/wiki/Field_Notes_of_Junius_Henderson,,,"Cardium speciosum","Cardium speciosum","'Oct. 26, 1907","Junius Henderson",'1907-10-26,,,,,"United States of America",US,,,,Boulder,"Boulder, Colorado",,,,,,,,,,,,,,,,,,
JHFN2-81-D,'2012-03-15,HumanObservation,UCM,HendersonNotes,"http://en.wikisource.org/wiki/Page:Field_Notes_of_Junius_Henderson,_Notebook_2.pdf/81?oldid=3614883",http://en.wikisource.org/wiki/Field_Notes_of_Junius_Henderson,,,Mactra,Mactra,"'Oct. 26, 1907","Junius Henderson",'1907-10-26,,,,,"United States of America",US,,,,Boulder,"Boulder, Colorado",,,,,,,,,,,,,,,,,,
JHFN2-81-E,'2012-03-15,HumanObservation,UCM,HendersonNotes,"http://en.wikisource.org/wiki/Page:Field_Notes_of_Junius_Henderson,_Notebook_2.pdf/81?oldid=3614883",http://en.wikisource.org/wiki/Field_Notes_of_Junius_Henderson,,,Tellina,Tellina,"'Oct. 26, 1907","Junius Henderson",'1907-10-26,,,,,"United States of America",US,,,,Boulder,"Boulder, Colorado",,,,,,,,,,,,,,,,,,
JHFN2-82-A,'2012-03-15,HumanObservation,UCM,HendersonNotes,"http://en.wikisource.org/wiki/Page:Field_Notes_of_Junius_Henderson,_Notebook_2.pdf/82?oldid=3608795",http://en.wikisource.org/wiki/Field_Notes_of_Junius_Henderson,,,"Ostrea inornata","Ostrea inornata","'Oct. 26, 1907","Junius Henderson",'1907-10-26,,,,,"United States of America",US,,,,Windsor,"Windsor, Colorado",,,,,,,,,,,,,,,,,,
JHFN2-84-A,'2012-03-15,HumanObservation,UCM,HendersonNotes,"http://en.wikisource.org/wiki/Page:Field_Notes_of_Junius_Henderson,_Notebook_2.pdf/84?oldid=3614885",http://en.wikisource.org/wiki/Field_Notes_of_Junius_Henderson,,,"Inoceramus cf. labiatus","Inoceramus labiatus","'May 28, 1908","Junius Henderson",'1908-05-28,,,,,"United States of America",US,,,,Berthoud,"Bertoud, Colorado",,,,,,,,,,,,,,,,,,
JHFN2-84-B,'2012-03-15,HumanObservation,UCM,HendersonNotes,"http://en.wikisource.org/wiki/Page:Field_Notes_of_Junius_Henderson,_Notebook_2.pdf/84?oldid=3614885",http://en.wikisource.org/wiki/Field_Notes_of_Junius_Henderson,,,"Avicula linguiformis","Avicula linguiformis","'May 28, 1908","Junius Henderson",'1908-05-28,,,,,"United States of America",US,,,,Berthoud,"Bertoud, Colorado",,,,,,,,,,,,,,,,,,
JHFN2-85-A,'2012-03-15,HumanObservation,UCM,HendersonNotes,"http://en.wikisource.org/wiki/Page:Field_Notes_of_Junius_Henderson,_Notebook_2.pdf/85?oldid=3614886",http://en.wikisource.org/wiki/Field_Notes_of_Junius_Henderson,,,"blue heron","Ardea herodias","'May 29, 1908","Junius Henderson",'1908-05-29,,,,,"United States of America",US,,,,Berthoud,"Bertoud, Colorado",,,,,,,,,,,,,,,,,,
JHFN2-85-B,'2012-03-15,HumanObservation,UCM,HendersonNotes,"http://en.wikisource.org/wiki/Page:Field_Notes_of_Junius_Henderson,_Notebook_2.pdf/85?oldid=3614886",http://en.wikisource.org/wiki/Field_Notes_of_Junius_Henderson,,,"black terns?","Chlidonias niger","'May 29, 1908","Junius Henderson",'1908-05-29,,,,,"United States of America",US,,,,Berthoud,"Bertoud, Colorado",,,,,,,,,,,,,,,,,,
JHFN2-85-C,'2012-03-15,HumanObservation,UCM,HendersonNotes,"http://en.wikisource.org/wiki/Page:Field_Notes_of_Junius_Henderson,_Notebook_2.pdf/85?oldid=3614886",http://en.wikisource.org/wiki/Field_Notes_of_Junius_Henderson,,,Orioles,"Icterus bullockii","'May 29, 1908","Junius Henderson",'1908-05-29,,,,,"United States of America",US,,,,Berthoud,"Bertoud, Colorado",,,,,,,,,,,,,,,,,,
JHFN2-85-D,'2012-03-15,HumanObservation,UCM,HendersonNotes,"http://en.wikisource.org/wiki/Page:Field_Notes_of_Junius_Henderson,_Notebook_2.pdf/85?oldid=3614886",http://en.wikisource.org/wiki/Field_Notes_of_Junius_Henderson,,,"Lark sparrows","Chondestes grammacus","'May 29, 1908","Junius Henderson",'1908-05-29,,,,,"United States of America",US,,,,Boulder,"Boulder, Colorado",,,,,,,,,,,,,,,,,,
JHFN2-85-E,'2012-03-15,HumanObservation,UCM,HendersonNotes,"http://en.wikisource.org/wiki/Page:Field_Notes_of_Junius_Henderson,_Notebook_2.pdf/85?oldid=3614886",http://en.wikisource.org/wiki/Field_Notes_of_Junius_Henderson,,,"vesper sparrows","Pooecetes gramineus","'May 29, 1908","Junius Henderson",'1908-05-29,,,,,"United States of America",US,,,,Boulder,"Boulder, Colorado",,,,,,,,,,,,,,,,,,
JHFN2-87-A,'2012-03-15,HumanObservation,UCM,HendersonNotes,"http://en.wikisource.org/wiki/Page:Field_Notes_of_Junius_Henderson,_Notebook_2.pdf/87?oldid=3614887",http://en.wikisource.org/wiki/Field_Notes_of_Junius_Henderson,,,cephalopods,cephalopods,"'May 29, 1908","Junius Henderson",'1908-05-29,,,,,"United States of America",US,,,,"Carter lake","Carter Lake, Colorado",,,,,,,,,,,,,,,,,,
JHFN2-88-A,'2012-03-15,HumanObservation,UCM,HendersonNotes,"http://en.wikisource.org/wiki/Page:Field_Notes_of_Junius_Henderson,_Notebook_2.pdf/88?oldid=3608832",http://en.wikisource.org/wiki/Field_Notes_of_Junius_Henderson,,,fish,fish,"'May 30, 1908","Junius Henderson",'1908-05-30,,,,,"United States of America",US,,,,"Owl Canyon","Owl Creek Canyon, Colorado",,,,,,,,,,,,,,,,,,
JHFN2-95-A,'2012-03-15,HumanObservation,UCM,HendersonNotes,"http://en.wikisource.org/wiki/Page:Field_Notes_of_Junius_Henderson,_Notebook_2.pdf/95?oldid=3614891",http://en.wikisource.org/wiki/Field_Notes_of_Junius_Henderson,,,"Inoceramus spp.",Inoceramus,'1908-06-05,"Junius Henderson",'1908-06-05,,,,,"United States of America",US,,,,"Bear Canyon","Bear Canyon, Colorado",,,,,,,,,,,,,,,,,,
JHFN2-95-B,'2012-03-15,HumanObservation,UCM,HendersonNotes,"http://en.wikisource.org/wiki/Page:Field_Notes_of_Junius_Henderson,_Notebook_2.pdf/95?oldid=3614891",http://en.wikisource.org/wiki/Field_Notes_of_Junius_Henderson,,,"Baculites compressus","Baculites compressus",'1908-06-05,"Junius Henderson",'1908-06-05,,,,,"United States of America",US,,,,"Bear Canyon","Bear Canyon, Colorado",,,,,,,,,,,,,,,,,,
JHFN2-96-A,'2012-03-15,HumanObservation,UCM,HendersonNotes,"http://en.wikisource.org/wiki/Page:Field_Notes_of_Junius_Henderson,_Notebook_2.pdf/96?oldid=3607651",http://en.wikisource.org/wiki/Field_Notes_of_Junius_Henderson,,,"Baculites compressus","Baculites compressus","'June 20, 1908","Junius Henderson",'1908-06-20,,,,,"United States of America",US,,,,"Fossil Ridge","Fossil Ridge, Colorado",,,,,,,,,,,,,,,,,,
JHFN2-96-B,'2012-03-15,HumanObservation,UCM,HendersonNotes,"http://en.wikisource.org/wiki/Page:Field_Notes_of_Junius_Henderson,_Notebook_2.pdf/96?oldid=3607651",http://en.wikisource.org/wiki/Field_Notes_of_Junius_Henderson,,,"Inoceramus vanuxemi","Inoceramus vanuxemi","'June 20, 1908","Junius Henderson",'1908-06-20,,,,,"United States of America",US,,,,"Fossil Ridge","Fossil Ridge, Colorado",,,,,,,,,,,,,,,,,,
JHFN2-96-C,'2012-03-15,HumanObservation,UCM,HendersonNotes,"http://en.wikisource.org/wiki/Page:Field_Notes_of_Junius_Henderson,_Notebook_2.pdf/96?oldid=3607651",http://en.wikisource.org/wiki/Field_Notes_of_Junius_Henderson,,,sagensis,"Inoceramus sagensis","'June 20, 1908","Junius Henderson",'1908-06-20,,,,,"United States of America",US,,,,"Fossil Ridge","Fossil Ridge, Colorado",,,,,,,,,,,,,,,,,,
JHFN2-96-D,'2012-03-15,HumanObservation,UCM,HendersonNotes,"http://en.wikisource.org/wiki/Page:Field_Notes_of_Junius_Henderson,_Notebook_2.pdf/96?oldid=3607651",http://en.wikisource.org/wiki/Field_Notes_of_Junius_Henderson,,,oblongus,"Inoceramus oblongus","'June 20, 1908","Junius Henderson",'1908-06-20,,,,,"United States of America",US,,,,"Fossil Ridge","Fossil Ridge, Colorado",,,,,,,,,,,,,,,,,,
JHFN2-96-E,'2012-03-15,HumanObservation,UCM,HendersonNotes,"http://en.wikisource.org/wiki/Page:Field_Notes_of_Junius_Henderson,_Notebook_2.pdf/96?oldid=3607651",http://en.wikisource.org/wiki/Field_Notes_of_Junius_Henderson,,,"Heteroceras sp.",Heteroceras,"'June 20, 1908","Junius Henderson",'1908-06-20,,,,,"United States of America",US,,,,"Fossil Ridge","Fossil Ridge, Colorado",,,,,,,,,,,,,,,,,,
JHFN2-100-A,'2012-03-15,HumanObservation,UCM,HendersonNotes,"http://en.wikisource.org/wiki/Page:Field_Notes_of_Junius_Henderson,_Notebook_2.pdf/100?oldid=3608870",http://en.wikisource.org/wiki/Field_Notes_of_Junius_Henderson,,,Spirifer,Spirifer,"'July 23, 1908","Junius Henderson",'1908-07-23,,,,,"United States of America",US,,,,"Akerman’s ranch","Akerman's Ranch",,,,,,,,,,,,,,,,,,
JHFN2-100-B,'2012-03-15,HumanObservation,UCM,HendersonNotes,"http://en.wikisource.org/wiki/Page:Field_Notes_of_Junius_Henderson,_Notebook_2.pdf/100?oldid=3608870",http://en.wikisource.org/wiki/Field_Notes_of_Junius_Henderson,,,Productus,Productus,"'July 23, 1908","Junius Henderson",'1908-07-23,,,,,"United States of America",US,,,,"Akerman’s ranch","Akerman's Ranch",,,,,,,,,,,,,,,,,,
JHFN2-101-A,'2012-03-15,HumanObservation,UCM,HendersonNotes,"http://en.wikisource.org/wiki/Page:Field_Notes_of_Junius_Henderson,_Notebook_2.pdf/101?oldid=3614894",http://en.wikisource.org/wiki/Field_Notes_of_Junius_Henderson,,,oyster,oyster,"'July 23, 1908","Junius Henderson",'1908-07-23,,,,,"United States of America",US,,,,"Ridge Road","Ridge Road",,,,,,,,,,,,,,,,,,
JHFN2-102-A,'2012-03-15,HumanObservation,UCM,HendersonNotes,"http://en.wikisource.org/wiki/Page:Field_Notes_of_Junius_Henderson,_Notebook_2.pdf/102?oldid=3608879",http://en.wikisource.org/wiki/Field_Notes_of_Junius_Henderson,,,"Lucina occidentalis","Lucina occidentalis","'July 25, 1908","Junius Henderson",'1908-07-25,,,,,"United States of America",US,,,,Boulder,"Boulder, Colorado",,,,,,,,,,,,,,,,,,
JHFN2-102-B,'2012-03-15,HumanObservation,UCM,HendersonNotes,"http://en.wikisource.org/wiki/Page:Field_Notes_of_Junius_Henderson,_Notebook_2.pdf/102?oldid=3608879",http://en.wikisource.org/wiki/Field_Notes_of_Junius_Henderson,,,"Baculites ovatus","Baculites ovatus","'July 25, 1908","Junius Henderson",'1908-07-25,,,,,"United States of America",US,,,,Boulder,"Boulder, Colorado",,,,,,,,,,,,,,,,,,
JHFN2-102-C,'2012-03-15,HumanObservation,UCM,HendersonNotes,"http://en.wikisource.org/wiki/Page:Field_Notes_of_Junius_Henderson,_Notebook_2.pdf/102?oldid=3608879",http://en.wikisource.org/wiki/Field_Notes_of_Junius_Henderson,,,"B. compressus","Baculites compressus","'July 25, 1908","Junius Henderson",'1908-07-25,,,,,"United States of America",US,,,,Boulder,"Boulder, Colorado",,,,,,,,,,,,,,,,,,
JHFN2-102-D,'2012-03-15,HumanObservation,UCM,HendersonNotes,"http://en.wikisource.org/wiki/Page:Field_Notes_of_Junius_Henderson,_Notebook_2.pdf/102?oldid=3608879",http://en.wikisource.org/wiki/Field_Notes_of_Junius_Henderson,,,"Margarita nebrascensis","Margarita nebrascensis","'July 25, 1908","Junius Henderson",'1908-07-25,,,,,"United States of America",US,,,,Boulder,"Boulder, Colorado",,,,,,,,,,,,,,,,,,
JHFN2-102-E,'2012-03-15,HumanObservation,UCM,HendersonNotes,"http://en.wikisource.org/wiki/Page:Field_Notes_of_Junius_Henderson,_Notebook_2.pdf/102?oldid=3608879",http://en.wikisource.org/wiki/Field_Notes_of_Junius_Henderson,,,"Scaphites nodosus","Scaphites nodosus","'July 25, 1908","Junius Henderson",'1908-07-25,,,,,"United States of America",US,,,,Boulder,"Boulder, Colorado",,,,,,,,,,,,,,,,,,
JHFN2-107-A,'2012-03-15,HumanObservation,UCM,HendersonNotes,"http://en.wikisource.org/wiki/Page:Field_Notes_of_Junius_Henderson,_Notebook_2.pdf/107?oldid=3608902",http://en.wikisource.org/wiki/Field_Notes_of_Junius_Henderson,,,"Productus cora","Productus cora","'Aug. 12, 1908","Junius Henderson",'1908-08-12,,,,,"United States of America",US,,,,"Owl Canyon","Owl Creek Canyon, Colorad",,,,,,,,,,,,,,,,,,
JHFN2-108-A,'2012-03-15,HumanObservation,UCM,HendersonNotes,"http://en.wikisource.org/wiki/Page:Field_Notes_of_Junius_Henderson,_Notebook_2.pdf/108?oldid=3614897",http://en.wikisource.org/wiki/Field_Notes_of_Junius_Henderson,,,"Productus cora","Productus cora","'Aug. 12, 1908","Junius Henderson",'1908-08-12,,,,,"United States of America",US,,,,"Ten Mile Creek","Tenmile Creek, Colorado",,,,,,,,,,,,,,,,,,
JHFN2-109-A,'2012-03-15,HumanObservation,UCM,HendersonNotes,"http://en.wikisource.org/wiki/Page:Field_Notes_of_Junius_Henderson,_Notebook_2.pdf/109?oldid=3608907",http://en.wikisource.org/wiki/Field_Notes_of_Junius_Henderson,,,Ostrea,Ostrea,"'Aug. 13, 1908","Junius Henderson",'1908-08-13,,,,,"United States of America",US,,,,"Greenacre Ranch","Greenacre Ranch",,,,,,,,,,,,,,,,,,
JHFN2-109-B,'2012-03-15,HumanObservation,UCM,HendersonNotes,"http://en.wikisource.org/wiki/Page:Field_Notes_of_Junius_Henderson,_Notebook_2.pdf/109?oldid=3608907",http://en.wikisource.org/wiki/Field_Notes_of_Junius_Henderson,,,Inoceramus,Inoceramus,"'Aug. 13, 1908","Junius Henderson",'1908-08-13,,,,,"United States of America",US,,,,"Greenacre Ranch","Greenacre Ranch",,,,,,,,,,,,,,,,,,
JHFN2-114-A,'2012-03-15,HumanObservation,UCM,HendersonNotes,"http://en.wikisource.org/wiki/Page:Field_Notes_of_Junius_Henderson,_Notebook_2.pdf/114?oldid=3614902",http://en.wikisource.org/wiki/Field_Notes_of_Junius_Henderson,,,"Mountain mahogany",Cercocarpus,"'Aug. 15,1908","Junius Henderson",'1908-08-15,,,,,"United States of America",US,,,,"Box Elder","Boxelder Creek, Colorado",,,,,,,,,,,,,,,,,,
JHFN2-115-A,'2012-03-15,HumanObservation,UCM,HendersonNotes,"http://en.wikisource.org/wiki/Page:Field_Notes_of_Junius_Henderson,_Notebook_2.pdf/115?oldid=3614903",http://en.wikisource.org/wiki/Field_Notes_of_Junius_Henderson,,,"piñon jays","Gymnorhinus cyanocephalus","'Oct 1 1908","Junius Henderson",'1908-10-01,,,,,"United States of America",US,,,,"Burlington Hotel","Burlington Hotel",,,,,,,,,,,,,,,,,,
JHFN2-115-B,'2012-03-15,HumanObservation,UCM,HendersonNotes,"http://en.wikisource.org/wiki/Page:Field_Notes_of_Junius_Henderson,_Notebook_2.pdf/115?oldid=3614903",http://en.wikisource.org/wiki/Field_Notes_of_Junius_Henderson,,,"chestnut backed bluebirds","Sialia mexicana anabelae","'Oct 1 1908","Junius Henderson",'1908-10-01,,,,,"United States of America",US,,,,"Cantwell’s","Cantwell’s",,,,,,,,,,,,,,,,,,
JHFN2-115-C,'2012-03-15,HumanObservation,UCM,HendersonNotes,"http://en.wikisource.org/wiki/Page:Field_Notes_of_Junius_Henderson,_Notebook_2.pdf/115?oldid=3614903",http://en.wikisource.org/wiki/Field_Notes_of_Junius_Henderson,,,buzzards,Buteo,"'Oct 1 1908","Junius Henderson",'1908-10-01,,,,,"United States of America",US,,,,"Cantwell’s","Cantwell’s",,,,,,,,,,,,,,,,,,
JHFN2-115-D,'2012-03-15,HumanObservation,UCM,HendersonNotes,"http://en.wikisource.org/wiki/Page:Field_Notes_of_Junius_Henderson,_Notebook_2.pdf/115?oldid=3614903",http://en.wikisource.org/wiki/Field_Notes_of_Junius_Henderson,,,"sparrow hawks",Accipiter,"'Oct 1 1908","Junius Henderson",'1908-10-01,,,,,"United States of America",US,,,,"Cantwell’s","Cantwell’s",,,,,,,,,,,,,,,,,,
JHFN2-116-A,'2012-03-15,HumanObservation,UCM,HendersonNotes,"http://en.wikisource.org/wiki/Page:Field_Notes_of_Junius_Henderson,_Notebook_2.pdf/116?oldid=3608935",http://en.wikisource.org/wiki/Field_Notes_of_Junius_Henderson,,,rattlesnake,rattlesnake,"'Oct. 2, 1908","Junius Henderson",'1908-10-02,,,,,"United States of America",US,,,,"R. Park","Rattlesnake Park",,,,,,,,,,,,,,,,,,
JHFN2-118-A,'2012-03-15,HumanObservation,UCM,HendersonNotes,"http://en.wikisource.org/wiki/Page:Field_Notes_of_Junius_Henderson,_Notebook_2.pdf/118?oldid=3614905",http://en.wikisource.org/wiki/Field_Notes_of_Junius_Henderson,,,"mt. Bluebirds","Sialia currucoides","'Oct 3, 1908","Junius Henderson",'1908-10-03,,,,,"United States of America",US,,,,"St. Vrain","St. Vrain Creek, Colorado",,,,,,,,,,,,,,,,,,
JHFN2-118-B,'2012-03-15,HumanObservation,UCM,HendersonNotes,"http://en.wikisource.org/wiki/Page:Field_Notes_of_Junius_Henderson,_Notebook_2.pdf/118?oldid=3614905",http://en.wikisource.org/wiki/Field_Notes_of_Junius_Henderson,,,Meadowlarks,Sturnella,"'Oct 3, 1908","Junius Henderson",'1908-10-03,,,,,"United States of America",US,,,,"Rabbit Mt.","Rabbit Mountain, Colorado",,,,,,,,,,,,,,,,,,
JHFN2-120-A,'2012-03-15,HumanObservation,UCM,HendersonNotes,"http://en.wikisource.org/wiki/Page:Field_Notes_of_Junius_Henderson,_Notebook_2.pdf/120?oldid=3608951",http://en.wikisource.org/wiki/Field_Notes_of_Junius_Henderson,,,coyotes,"Canis latrans","'Oct.7, 1908","Junius Henderson",'1908-10-07,,,,,"United States of America",US,,,,"Lone Tree Creek","Lone Tree Creek, Colorado",,,,,,,,,,,,,,,,,,
JHFN2-120-B,'2012-03-15,HumanObservation,UCM,HendersonNotes,"http://en.wikisource.org/wiki/Page:Field_Notes_of_Junius_Henderson,_Notebook_2.pdf/120?oldid=3608951",http://en.wikisource.org/wiki/Field_Notes_of_Junius_Henderson,,,"white tailed jack rabbits","Lepus townsendii","'Oct.7, 1908","Junius Henderson",'1908-10-07,,,,,"United States of America",US,,,,"Lone Tree Creek","Lone Tree Creek, Colorado",,,,,,,,,,,,,,,,,,
JHFN2-120-C,'2012-03-15,HumanObservation,UCM,HendersonNotes,"http://en.wikisource.org/wiki/Page:Field_Notes_of_Junius_Henderson,_Notebook_2.pdf/120?oldid=3608951",http://en.wikisource.org/wiki/Field_Notes_of_Junius_Henderson,,,cottontails,Sylvilagus,"'Oct.7, 1908","Junius Henderson",'1908-10-07,,,,,"United States of America",US,,,,"Lone Tree Creek","Lone Tree Creek, Colorado",,,,,,,,,,,,,,,,,,
